5;A>G;1;GGA;GGG;G;G;Syn
8;C>T;1;TCC;TCT;s;S;NonSyn
26;G>A;1;TTG;TTA;L;L;Syn
35;A>G;1;CAA;CAG;Q;Q;Syn
56;A>G;1;CTA;CTG;L;L;Syn
62;A>G;7;ATA;ATG;M;M;Syn
74;A>G;5;TCA;TCG;S;S;Syn
122;A>G;1;GTA;GTG;V;V;Syn
131;A>G;70;GGA;GGG;G;G;Syn
134;A>G;3;TGA;TGG;W;W;Syn
137;A>T;2;CTA;CTT;L;L;Syn
143;A>G;47;CGA;CGG;R;R;Syn
155;A>G;2;GCA;GCG;A;A;Syn
167;A>G;2;TCA;TCG;S;S;Syn
173;C>T;4;TTC;TTT;F;F;Syn
185;C>T;38;ATC;ATT;I;I;Syn
200;T>C;9;GCT;GCC;A;A;Syn
203;A>G;9;CGA;CGG;R;R;Syn
221;T>C;10;TCT;TCC;S;s;NonSyn
233;A>G;3;ATA;ATG;M;M;Syn
236;A>G;1;GAA;GAG;E;E;Syn
239;T>C;4;ACT;ACC;T;T;Syn
248;C>T;2;ATC;ATT;I;I;Syn
254;A>T;1;GTA;GTT;V;V;Syn
254;A>G;17;GTA;GTG;V;V;Syn
257;A>T;2;GTA;GTT;V;V;Syn
257;A>G;1;GTA;GTG;V;V;Syn
267;T>C;4;TTA;CTA;L;L;Syn
269;A>G;1;TTA;TTG;L;L;Syn
276;A>G;2;ATG;GTG;M;V;NonSyn
278;G>A;2;ATG;ATA;M;M;Syn
293;G>A;2;GGG;GGA;G;G;Syn
299;A>T;1;GTA;GTT;V;V;Syn
302;A>T;3;CTA;CTT;L;L;Syn
305;C>T;1;CCC;CCT;P;P;Syn
308;A>G;3;TGA;TGG;W;W;Syn
311;A>G;13;GGA;GGG;G;G;Syn
329;G>A;67;GGG;GGA;G;G;Syn
335;T>C;1;ACT;ACC;T;T;Syn
338;C>T;5;GTC;GTT;V;V;Syn
344;T>C;2;ACT;ACC;T;T;Syn
353;G>A;2;ATG;ATA;M;M;Syn
359;A>G;1;GCA;GCG;A;A;Syn
362;T>C;1;GTT;GTC;V;V;Syn
371;G>A;2;GTG;GTA;V;V;Syn
374;C>T;2;GGC;GGT;G;G;Syn
383;A>G;5;TTA;TTG;L;L;Syn
386;G>C;2;GTG;GTC;V;V;Syn
389;G>A;3;CAG;CAA;Q;Q;Syn
401;A>G;70;GGA;GGG;G;G;Syn
422;G>A;1;GCG;GCA;A;A;Syn
431;T>C;67;ACT;ACC;T;T;Syn
455;A>G;2;TTA;TTG;L;L;Syn
500;T>C;1;TTT;TTC;F;F;Syn
509;A>G;3;GAA;GAG;E;E;Syn
512;A>G;2;ACA;ACG;T;T;Syn
515;G>A;2;GGG;GGA;G;G;Syn
515;G>C;1;GGG;GGC;G;G;Syn
518;T>C;1;TCT;TCC;S;s;NonSyn
521;C>T;1;AAC;AAT;N;N;Syn
527;A>G;1;CCA;CCG;P;P;Syn
533;G>A;1;GGG;GGA;G;G;Syn
533;G>C;1;GGG;GGC;G;G;Syn
536;C>T;1;CTC;CTT;L;L;Syn
596;A>G;12;GGA;GGG;G;G;Syn
605;A>G;1;GTA;GTG;V;V;Syn
611;G>A;3;CTG;CTA;L;L;Syn
611;G>C;2;CTG;CTC;L;L;Syn
617;G>A;4;GCG;GCA;A;A;Syn
620;A>G;2;CTA;CTG;L;L;Syn
626;G>A;3;TCG;TCA;S;S;Syn
626;G>C;5;TCG;TCC;S;s;NonSyn
629;G>A;1;CTG;CTA;L;L;Syn
632;A>G;2;GCA;GCG;A;A;Syn
635;A>G;1;TTA;TTG;L;L;Syn
638;C>T;1;TTC;TTT;F;F;Syn
644;T>C;2;CCT;CCC;P;P;Syn
647;C>T;9;AAC;AAT;N;N;Syn
650;A>G;2;TTA;TTG;L;L;Syn
653;A>G;1;TTA;TTG;L;L;Syn
665;T>C;2;GAT;GAC;D;D;Syn
668;T>C;1;AAT;AAC;N;N;Syn
677;A>C;1;CCA;CCC;P;P;Syn
686;C>T;1;CCC;CCT;P;P;Syn
719;A>G;6;TGA;TGG;W;W;Syn
734;T>C;2;GCT;GCC;A;A;Syn
740;T>C;3;GCT;GCC;A;A;Syn
749;A>G;1;CGA;CGG;R;R;Syn
752;C>T;2;TCC;TCT;s;S;NonSyn
755;C>T;3;ATC;ATT;I;I;Syn
758;A>G;3;CCA;CCG;P;P;Syn
764;A>G;2;AAA;AAG;K;K;Syn
767;A>G;10;CTA;CTG;L;L;Syn
770;C>T;2;GGC;GGT;G;G;Syn
773;A>G;4;GGA;GGG;G;G;Syn
785;C>T;2;CTC;CTT;L;L;Syn
788;A>G;13;CTA;CTG;L;L;Syn
791;T>C;1;TTT;TTC;F;F;Syn
797;C>T;2;ATC;ATT;I;I;Syn
810;G>A;1;GTC;ATC;V;I;NonSyn
810;G>C;2;GTC;CTC;V;L;NonSyn
824;G>A;1;TTG;TTA;L;L;Syn
845;A>G;3;GGA;GGG;G;G;Syn
857;A>G;1;CGA;CGG;R;R;Syn
866;G>A;3;ACG;ACA;T;T;Syn
869;G>A;3;CAG;CAA;Q;Q;Syn
875;A>G;1;CTA;CTG;L;L;Syn
896;C>T;2;GAC;GAT;D;D;Syn
902;C>T;2;ATC;ATT;I;I;Syn
908;T>C;2;CTT;CTC;L;L;Syn
911;A>G;1;ACA;ACG;T;T;Syn
926;G>A;1;ATG;ATA;M;M;Syn
929;A>G;10;CCA;CCG;P;P;Syn
950;T>C;1;ATT;ATC;I;I;Syn
962;A>G;1;GTA;GTG;V;V;Syn
971;A>G;1;CTA;CTG;L;L;Syn
974;C>T;1;CTC;CTT;L;L;Syn
995;A>T;1;GTA;GTT;V;V;Syn
995;A>G;2;GTA;GTG;V;V;Syn
996;C>T;1;CTA;TTA;L;L;Syn
998;A>G;1;CTA;CTG;L;L;Syn
1001;T>C;2;GCT;GCC;A;A;Syn
1004;G>C;68;CCG;CCC;P;P;Syn
1005;G>A;65;GTG;ATG;V;M;NonSyn
1006;T>C;1;GTG;GCG;V;A;NonSyn
1010;A>G;1;GCA;GCG;A;A;Syn
1013;A>G;8;GGA;GGG;G;G;Syn
1028;A>G;1;AAA;AAG;K;K;Syn
