11;T>C;2;CTT;CTC;L;L;Syn
12;T>C;3;TTA;CTA;L;L;Syn
35;A>G;1;CAA;CAG;Q;Q;Syn
62;A>G;1;ATA;ATG;M;M;Syn
101;G>A;1;GTG;GTA;V;V;Syn
107;C>T;1;CAC;CAT;H;H;Syn
122;A>G;3;GTA;GTG;V;V;Syn
125;T>C;1;AAT;AAC;N;N;Syn
128;C>T;1;TAC;TAT;Y;Y;Syn
131;G>A;39;GGG;GGA;G;G;Syn
131;G>C;2;GGG;GGC;G;G;Syn
134;A>G;1;TGA;TGG;W;W;Syn
137;T>A;4;CTT;CTA;L;L;Syn
140;C>G;1;ATC;ATG;I;M;NonSyn
143;A>G;2;CGA;CGG;R;R;Syn
146;T>C;1;AAT;AAC;N;N;Syn
149;G>A;9;ATG;ATA;M;M;Syn
155;A>G;3;GCA;GCG;A;A;Syn
161;A>G;1;GGA;GGG;G;G;Syn
164;C>A;1;GCC;GCA;A;A;Syn
167;A>G;3;TCA;TCG;S;S;Syn
173;T>C;4;TTT;TTC;F;F;Syn
176;C>T;5;TTC;TTT;F;F;Syn
185;T>C;1;ATT;ATC;I;I;Syn
188;T>C;1;TAT;TAC;Y;Y;Syn
189;G>A;1;GCA;ACA;A;T;NonSyn
194;C>T;1;CAC;CAT;H;H;Syn
197;T>C;3;ATT;ATC;I;I;Syn
200;T>C;1;GCT;GCC;A;A;Syn
203;G>A;16;CGG;CGA;R;R;Syn
203;G>C;2;CGG;CGC;R;R;Syn
209;G>A;43;CTG;CTA;L;L;Syn
215;C>T;1;TAC;TAT;Y;Y;Syn
230;C>T;2;TAC;TAT;Y;Y;Syn
233;A>G;2;ATA;ATG;M;M;Syn
236;A>G;6;GAA;GAG;E;E;Syn
242;A>G;4;TGA;TGG;W;W;Syn
248;C>T;3;ATC;ATT;I;I;Syn
254;A>G;5;GTA;GTG;V;V;Syn
257;A>T;4;GTA;GTT;V;V;Syn
257;A>G;1;GTA;GTG;V;V;Syn
258;C>T;1;CTA;TTA;L;L;Syn
263;T>C;3;CTT;CTC;L;L;Syn
269;A>G;3;TTA;TTG;L;L;Syn
272;T>A;1;GTT;GTA;V;V;Syn
272;T>C;2;GTT;GTC;V;V;Syn
275;G>A;4;ATG;ATA;M;M;Syn
278;G>A;4;ATG;ATA;M;M;Syn
281;T>G;1;ACT;ACG;T;T;Syn
290;T>C;1;GTT;GTC;V;V;Syn
293;G>A;2;GGG;GGA;G;G;Syn
296;C>T;53;TAC;TAT;Y;Y;Syn
299;A>T;3;GTA;GTT;V;V;Syn
299;A>G;1;GTA;GTG;V;V;Syn
300;C>T;2;CTA;TTA;L;L;Syn
302;A>T;2;CTA;CTT;L;L;Syn
302;A>C;1;CTA;CTC;L;L;Syn
305;C>T;1;CCC;CCT;P;P;Syn
308;A>G;4;TGA;TGG;W;W;Syn
311;A>G;1;GGA;GGG;G;G;Syn
317;G>A;1;ATG;ATA;M;M;Syn
320;C>T;1;TCC;TCT;s;S;NonSyn
326;A>G;2;TGA;TGG;W;W;Syn
329;G>A;11;GGG;GGA;G;G;Syn
332;A>G;1;GCA;GCG;A;A;Syn
335;T>C;1;ACT;ACC;T;T;Syn
338;C>T;1;GTC;GTT;V;V;Syn
341;T>C;5;ATT;ATC;I;I;Syn
344;T>C;1;ACT;ACC;T;T;Syn
350;T>A;1;CTT;CTA;L;L;Syn
350;T>C;6;CTT;CTC;L;L;Syn
353;G>A;6;ATG;ATA;M;M;Syn
356;T>C;3;TCT;TCC;S;s;NonSyn
359;A>G;1;GCA;GCG;A;A;Syn
365;T>C;1;CCT;CCC;P;P;Syn
371;G>A;3;GTG;GTA;V;V;Syn
371;G>C;1;GTG;GTC;V;V;Syn
380;A>G;4;GAA;GAG;E;E;Syn
383;G>A;52;TTG;TTA;L;L;Syn
386;C>T;1;GTC;GTT;V;V;Syn
389;A>G;8;CAA;CAG;Q;Q;Syn
392;A>G;1;TGA;TGG;W;W;Syn
401;A>G;6;GGA;GGG;G;G;Syn
404;C>A;2;GGC;GGA;G;G;Syn
407;T>C;1;TTT;TTC;F;F;Syn
410;G>A;1;TCG;TCA;S;S;Syn
413;C>T;1;GTC;GTT;V;V;Syn
419;C>T;4;AAC;AAT;N;N;Syn
422;G>A;3;GCG;GCA;A;A;Syn
428;T>C;1;CTT;CTC;L;L;Syn
431;T>C;1;ACT;ACC;T;T;Syn
434;G>A;3;CGG;CGA;R;R;Syn
440;C>T;1;TTC;TTT;F;F;Syn
453;T>C;1;TTG;CTG;L;L;Syn
455;G>A;1;TTG;TTA;L;L;Syn
458;C>T;7;TTC;TTT;F;F;Syn
467;C>T;1;GTC;GTT;V;V;Syn
473;A>G;1;GCA;GCG;A;A;Syn
476;T>C;1;GGT;GGC;G;G;Syn
478;T>C;1;GTT;GCT;V;A;NonSyn
479;T>A;1;GTT;GTA;V;V;Syn
479;T>C;1;GTT;GTC;V;V;Syn
482;T>C;1;ACT;ACC;T;T;Syn
491;C>T;1;CAC;CAT;H;H;Syn
494;T>C;1;CTT;CTC;L;L;Syn
497;A>G;2;TTA;TTG;L;L;Syn
500;T>C;3;TTT;TTC;F;F;Syn
501;T>C;1;TTA;CTA;L;L;Syn
506;C>T;2;CAC;CAT;H;H;Syn
509;A>G;1;GAA;GAG;E;E;Syn
512;A>G;2;ACA;ACG;T;T;Syn
515;G>A;5;GGG;GGA;G;G;Syn
518;T>C;3;TCT;TCC;S;s;NonSyn
521;C>T;1;AAC;AAT;N;N;Syn
524;C>T;1;AAC;AAT;N;N;Syn
527;A>G;2;CCA;CCG;P;P;Syn
530;G>A;6;GCG;GCA;A;A;Syn
533;G>A;2;GGG;GGA;G;G;Syn
539;T>C;2;AAT;AAC;N;N;Syn
554;A>G;1;AAA;AAG;K;K;Syn
566;C>T;1;CAC;CAT;H;H;Syn
569;A>G;2;CCA;CCG;P;P;Syn
578;T>A;5;TCT;TCA;S;S;Syn
578;T>C;3;TCT;TCC;S;s;NonSyn
581;T>C;14;TAT;TAC;Y;Y;Syn
584;A>G;4;AAA;AAG;K;K;Syn
590;C>A;3;CTC;CTA;L;L;Syn
590;C>T;1;CTC;CTT;L;L;Syn
593;A>G;1;TTA;TTG;L;L;Syn
596;G>A;6;GGG;GGA;G;G;Syn
599;C>T;3;TTC;TTT;F;F;Syn
602;A>G;1;GCA;GCG;A;A;Syn
605;A>T;1;GTA;GTT;V;V;Syn
605;A>G;1;GTA;GTG;V;V;Syn
608;G>A;2;ATG;ATA;M;M;Syn
611;G>A;10;CTG;CTA;L;L;Syn
611;G>C;4;CTG;CTC;L;L;Syn
614;G>A;1;CTG;CTA;L;L;Syn
617;A>G;2;GCA;GCG;A;A;Syn
618;C>T;1;CTA;TTA;L;L;Syn
626;A>G;8;TCA;TCG;S;S;Syn
632;A>G;2;GCA;GCG;A;A;Syn
635;A>G;4;TTA;TTG;L;L;Syn
638;T>C;1;TTT;TTC;F;F;Syn
641;C>T;1;TCC;TCT;s;S;NonSyn
644;T>C;2;CCT;CCC;P;P;Syn
647;C>T;5;AAC;AAT;N;N;Syn
648;T>C;1;TTA;CTA;L;L;Syn
650;A>G;1;TTA;TTG;L;L;Syn
651;T>C;2;TTA;CTA;L;L;Syn
653;A>G;4;TTA;TTG;L;L;Syn
656;A>G;5;GGA;GGG;G;G;Syn
665;T>C;1;GAT;GAC;D;D;Syn
677;A>G;4;CCA;CCG;P;P;Syn
677;A>C;1;CCA;CCC;P;P;Syn
680;T>C;3;GCT;GCC;A;A;Syn
689;T>C;2;CTT;CTC;L;L;Syn
692;C>T;2;GTC;GTT;V;V;Syn
692;C>G;1;GTC;GTG;V;V;Syn
698;A>G;3;CCA;CCG;P;P;Syn
701;T>C;1;CCT;CCC;P;P;Syn
710;G>A;2;AAG;AAA;K;K;Syn
716;G>A;12;GAG;GAA;E;E;Syn
719;G>A;27;TGG;TGA;W;W;Syn
740;T>C;1;GCT;GCC;A;A;Syn
746;C>G;4;CTC;CTG;L;L;Syn
749;G>A;3;CGG;CGA;R;R;Syn
752;T>C;1;TCT;TCC;S;s;NonSyn
755;C>T;3;ATC;ATT;I;I;Syn
758;G>A;7;CCG;CCA;P;P;Syn
758;G>C;1;CCG;CCC;P;P;Syn
767;A>T;1;CTA;CTT;L;L;Syn
767;A>G;2;CTA;CTG;L;L;Syn
770;T>C;3;GGT;GGC;G;G;Syn
773;A>G;3;GGA;GGG;G;G;Syn
776;A>T;1;GTA;GTT;V;V;Syn
776;A>G;8;GTA;GTG;V;V;Syn
779;T>C;1;CTT;CTC;L;L;Syn
782;C>T;1;GCC;GCT;A;A;Syn
788;A>G;6;CTA;CTG;L;L;Syn
791;T>C;3;TTT;TTC;F;F;Syn
797;T>C;3;ATT;ATC;I;I;Syn
800;A>G;2;CTA;CTG;L;L;Syn
803;T>C;1;GTT;GTC;V;V;Syn
809;G>A;10;ATG;ATA;M;M;Syn
812;C>T;1;GTC;GTT;V;V;Syn
818;T>C;31;CCT;CCC;P;P;Syn
822;T>C;1;TTG;CTG;L;L;Syn
824;G>A;4;TTG;TTA;L;L;Syn
827;C>T;2;CAC;CAT;H;H;Syn
839;A>G;3;CAA;CAG;Q;Q;Syn
842;A>G;4;CGA;CGG;R;R;Syn
845;A>G;2;GGA;GGG;G;G;Syn
848;T>C;1;ATT;ATC;I;I;Syn
857;A>G;2;CGA;CGG;R;R;Syn
860;C>T;1;CCC;CCT;P;P;Syn
863;T>C;1;ATT;ATC;I;I;Syn
866;G>A;3;ACG;ACA;T;T;Syn
866;G>C;2;ACG;ACC;T;T;Syn
869;G>A;12;CAG;CAA;Q;Q;Syn
872;C>T;1;TTC;TTT;F;F;Syn
875;A>T;3;CTA;CTT;L;L;Syn
884;C>T;1;ACC;ACT;T;T;Syn
887;T>A;1;CTT;CTA;L;L;Syn
888;G>A;1;GTT;ATT;V;I;NonSyn
890;T>C;2;GTT;GTC;V;V;Syn
893;C>T;2;GCC;GCT;A;A;Syn
899;C>T;1;GTC;GTT;V;V;Syn
902;C>T;3;ATC;ATT;I;I;Syn
911;A>G;1;ACA;ACG;T;T;Syn
917;C>T;1;ATC;ATT;I;I;Syn
923;T>C;1;GGT;GGC;G;G;Syn
926;G>A;2;ATG;ATA;M;M;Syn
932;C>A;1;GTC;GTA;V;V;Syn
932;C>T;1;GTC;GTT;V;V;Syn
932;C>G;1;GTC;GTG;V;V;Syn
938;C>T;1;CAC;CAT;H;H;Syn
941;A>G;1;CCA;CCG;P;P;Syn
944;C>T;3;TTC;TTT;F;F;Syn
953;T>C;2;ATT;ATC;I;I;Syn
959;A>G;2;CAA;CAG;Q;Q;Syn
965;A>G;2;GCA;GCG;A;A;Syn
971;A>G;2;CTA;CTG;L;L;Syn
974;C>A;1;CTC;CTA;L;L;Syn
974;C>G;1;CTC;CTG;L;L;Syn
986;T>C;5;ATT;ATC;I;I;Syn
989;C>T;1;TTC;TTT;F;F;Syn
992;T>C;1;CTT;CTC;L;L;Syn
995;A>G;1;GTA;GTG;V;V;Syn
996;C>T;1;CTA;TTA;L;L;Syn
1001;T>C;1;GCT;GCC;A;A;Syn
1004;G>A;3;CCG;CCA;P;P;Syn
1005;G>A;1;GTG;ATG;V;M;NonSyn
1006;T>C;1;GTG;GCG;V;A;NonSyn
1007;G>A;5;GTG;GTA;V;V;Syn
1007;G>C;1;GTG;GTC;V;V;Syn
1010;A>G;1;GCA;GCG;A;A;Syn
1013;A>G;6;GGA;GGG;G;G;Syn
1017;T>C;32;TTA;CTA;L;L;Syn
1019;A>G;1;TTA;TTG;L;L;Syn
1025;C>T;1;AAC;AAT;N;N;Syn
1034;A>G;1;CTA;CTG;L;L;Syn
