;Gene;Species;Ala;Arg;Asn;Asp;Cys;Gln;Glu;Gly;His;Ile;Leu;Lys;Met;Phe;Pro;Ser;Thr;Trp;Tyr;Val
0;ORF1ab polyprotein;Severe acute respiratory syndrome coronavirus 2;487;244;384;389;226;239;340;412;145;343;668;434;168;349;274;456;527;78;335;598
1;ORF1ab polyprotein;SARS coronavirus Tor2;511;259;365;396;233;234;347;419;160;343;673;416;177;332;274;458;495;77;324;580
2;ORF1ab polyprotein;Bat coronavirus BM48-31/BGR/2008;493;262;368;395;229;227;324;425;156;324;678;409;173;345;266;463;489;76;335;627
3;ORF1a polyprotein;Severe acute respiratory syndrome coronavirus 2;308;131;233;211;138;151;239;263;75;215;435;276;105;207;164;294;345;46;195;370
4;ORF1ab polyprotein;Bat Hp-betacoronavirus/Zhejiang2013;420;226;306;342;222;198;243;338;132;287;541;373;173;306;229;399;438;68;300;551
5;ORF1ab polyprotein;Bat Hp-betacoronavirus/Zhejiang2013;82;34;49;73;32;26;61;64;24;51;80;53;14;38;42;49;67;8;34;100
6;ORF1a polyprotein;SARS coronavirus Tor2;324;146;214;221;144;147;240;268;86;212;444;258;111;194;166;298;320;45;184;356
7;ORF1a polyprotein;Bat coronavirus BM48-31/BGR/2008;313;155;218;220;138;141;221;272;86;196;448;248;107;206;159;293;317;44;192;395
8;orf1ab polyprotein;Rousettus bat coronavirus HKU9;516;282;317;381;225;213;259;445;134;285;676;337;172;301;301;459;447;89;361;688
9;ORF1ab polyprotein;Rousettus bat coronavirus;524;271;308;370;228;226;302;430;138;279;665;367;156;304;296;453;447;88;341;715
10;ORF1ab polyprotein;Bat coronavirus;412;229;282;312;188;178;194;332;109;235;549;300;149;278;242;386;428;74;293;566
11;ORF1ab polyprotein;Bat coronavirus;91;38;36;76;19;38;69;83;20;49;93;51;15;50;56;57;61;13;35;113
12;ORF1ab polyprotein;Betacoronavirus Erinaceus/VMC/DEU/2012;413;199;356;308;214;200;242;335;133;275;568;367;154;299;211;438;350;73;307;570
13;ORF1ab polyprotein;Betacoronavirus Erinaceus/VMC/DEU/2012;75;21;31;71;27;30;66;64;18;36;88;67;18;55;39;69;60;8;31;122
14;ORF1ab polyprotein;Betacoronavirus Erinaceus/VMC/DEU/2012;19;4;8;8;3;7;2;12;7;8;18;10;2;2;4;12;5;0;3;19
15;ORF1ab polyprotein;Bat coronavirus;443;214;309;318;208;184;226;323;127;278;547;328;139;304;220;423;403;72;309;544
16;ORF1ab polyprotein;Bat coronavirus;79;32;39;82;27;48;62;78;18;54;109;68;15;52;48;87;67;8;45;127
17;1AB polyprotein;Middle East respiratory syndrome-related coronavirus;440;215;311;329;204;184;216;326;128;285;541;333;146;314;223;416;407;72;301;526
18;1AB polyprotein;Middle East respiratory syndrome-related coronavirus;87;28;42;75;28;43;67;76;20;54;100;70;16;50;49;88;74;8;46;128
19;ORF1ab polyprotein;Betacoronavirus England 1;440;215;310;329;203;184;216;326;128;287;540;335;145;315;223;415;406;72;301;527
20;ORF1ab polyprotein;Betacoronavirus England 1;85;28;42;75;28;43;68;76;20;53;101;69;16;50;48;91;74;8;46;128
21;ORF1ab polyprotein;Pipistrellus bat coronavirus HKU5;427;215;327;321;196;178;215;321;123;269;546;319;135;279;214;410;383;75;308;531
22;ORF1ab polyprotein;Pipistrellus bat coronavirus HKU5;79;30;33;68;28;34;66;70;15;41;91;57;20;46;40;78;66;11;43;110
23;ORF1ab polyprotein;Pipistrellus bat coronavirus HKU5;18;5;10;10;3;3;5;13;6;9;18;7;0;4;5;8;7;0;7;20
24;ORF1ab polyprotein;Tylonycteris bat coronavirus HKU4;344;181;278;266;169;138;176;269;110;250;451;256;125;253;179;342;324;63;264;441
25;ORF1ab polyprotein;Tylonycteris bat coronavirus HKU4;39;22;44;53;19;21;27;46;13;34;71;52;14;27;28;53;53;9;45;86
26;ORF1ab polyprotein;Tylonycteris bat coronavirus HKU4;92;40;64;90;36;38;74;82;23;63;120;72;24;51;51;87;78;9;45;126
27;orf1ab polyprotein;Bovine coronavirus;359;186;304;335;202;178;184;301;94;289;516;345;135;310;165;395;321;68;312;529
28;orf1ab polyprotein;Bovine coronavirus;13;3;7;8;5;6;5;14;3;6;10;14;2;4;4;9;11;0;5;24
29;orf1ab polyprotein;Bovine coronavirus;64;30;22;61;28;25;37;58;20;37;75;55;14;47;32;52;34;10;46;92
30;ORF1ab polyprotein;Human coronavirus OC43;358;185;303;335;201;172;179;300;98;286;516;352;130;316;163;399;324;68;313;531
31;ORF1ab polyprotein;Human coronavirus OC43;12;2;8;8;5;6;4;14;3;6;11;14;2;4;4;9;11;0;5;25
32;ORF1ab polyprotein;Human coronavirus OC43;17;8;5;20;7;7;19;13;2;12;21;18;4;10;14;13;10;1;10;26
33;ORF1ab polyprotein;Betacoronavirus HKU24;374;185;293;317;211;183;197;305;103;272;508;344;135;316;167;372;316;72;308;541
34;ORF1ab polyprotein;Betacoronavirus HKU24;75;27;22;59;37;35;57;71;15;42;77;59;26;44;39;64;35;12;36;106
35;ORF1ab polyprotein;Betacoronavirus HKU24;15;4;5;7;7;3;5;13;2;6;8;12;3;6;5;7;7;0;5;16
36;ORF1ab polyprotein;Rat coronavirus Parker;368;202;300;309;212;171;220;305;110;234;527;331;131;304;186;405;326;73;294;569
37;ORF1ab polyprotein;Rat coronavirus Parker;9;3;1;16;4;0;10;4;1;5;11;11;1;6;5;8;5;0;3;14
38;ORF1ab polyprotein;Rat coronavirus Parker;15;5;10;8;6;4;6;15;2;10;11;12;2;5;4;6;7;0;4;21
39;ORF1ab polyprotein;Rodent coronavirus;359;194;306;323;205;183;191;306;107;296;492;333;134;325;169;375;339;70;316;526
40;ORF1ab polyprotein;Rodent coronavirus;24;9;9;35;15;17;37;18;3;16;28;20;7;17;14;29;17;2;10;46
41;ORF1ab polyprotein;Murine hepatitis virus;372;206;297;303;213;170;216;312;107;232;524;331;133;305;187;396;329;73;294;566
42;ORF1ab polyprotein;Murine hepatitis virus;21;8;14;17;11;10;10;16;4;12;20;16;3;9;5;16;11;1;5;33
43;ORF1ab polyprotein;Murine hepatitis virus;39;9;8;42;17;11;27;22;4;15;34;32;10;21;14;26;20;3;12;61
44;ORF1ab polyprotein;Rabbit coronavirus HKU14;354;190;314;328;199;175;180;310;104;280;507;334;138;309;171;416;328;69;316;550
45;ORF1ab polyprotein;Rabbit coronavirus HKU14;18;3;11;16;8;7;6;17;5;15;14;17;5;8;4;15;9;0;7;22
46;ORF1ab polyprotein;Rabbit coronavirus HKU14;11;0;5;14;5;1;18;6;1;6;9;11;1;10;3;7;7;0;2;15
47;ORF1ab polyprotein;Murine hepatitis virus;373;203;297;303;213;171;216;313;107;231;523;332;132;306;186;398;328;73;294;567
48;ORF1ab polyprotein;Murine hepatitis virus;21;8;14;17;11;10;10;16;4;12;20;16;3;9;5;16;11;1;5;33
49;ORF1ab polyprotein;Murine hepatitis virus;39;9;8;42;17;11;27;22;4;15;34;32;10;21;14;26;20;3;12;61
50;ORF1ab polyprotein;Human coronavirus HKU1;312;183;325;325;208;157;179;296;111;328;522;328;124;339;167;395;309;71;322;530
51;ORF1ab polyprotein;Human coronavirus HKU1;15;4;9;10;7;4;2;14;3;10;14;13;2;4;4;9;6;0;5;20
52;ORF1ab polyprotein;Human coronavirus HKU1;20;6;24;29;14;12;26;17;2;24;34;22;15;28;12;22;17;3;13;48
53;ORF1ab polyprotein;Murine hepatitis virus strain JHM;370;209;302;300;212;170;214;310;108;235;520;328;137;301;191;402;326;73;294;567
54;ORF1ab polyprotein;Murine hepatitis virus strain JHM;61;38;20;61;41;25;47;62;11;32;83;58;23;44;43;51;42;14;35;111
55;ORF1ab polyprotein;Murine hepatitis virus strain JHM;15;5;11;8;6;4;5;17;3;10;10;10;2;4;4;6;8;0;4;21
56;ORF1 polyprotein;Scotophilus bat coronavirus 512;289;181;284;267;178;122;168;312;108;239;453;279;112;269;158;361;277;57;249;445
57;ORF1 polyprotein;Scotophilus bat coronavirus 512;12;6;7;7;6;11;13;14;3;9;20;17;2;9;12;12;9;0;4;25
58;ORF1ab polyprotein;Bat coronavirus 1A;307;169;305;262;174;124;176;312;102;254;405;282;113;288;151;351;262;57;252;464
59;ORF1ab polyprotein;Bat coronavirus 1A;20;6;11;4;5;3;23;11;2;11;17;19;1;3;8;11;13;0;4;22
60;ORF1ab polyprotein;Miniopterus bat coronavirus HKU8;336;180;293;259;176;118;176;314;108;229;421;270;119;293;161;313;284;60;245;455
61;ORF1ab polyprotein;Miniopterus bat coronavirus HKU8;7;5;7;3;3;2;2;12;2;2;11;7;1;2;5;5;3;0;2;15
62;ORF1ab polyprotein;Alphacoronavirus Bat-CoV/P.kuhlii/Italy/3398-19/2015;316;179;286;270;176;129;157;316;100;208;423;255;124;280;148;318;288;56;247;461
63;ORF1ab polyprotein;Alphacoronavirus Bat-CoV/P.kuhlii/Italy/3398-19/2015;8;1;7;4;1;2;2;13;3;8;8;8;6;4;4;7;3;0;1;14
64;ORF1ab polyprotein;BtRf-AlphaCoV/YN2012;324;172;284;296;181;134;155;315;104;256;437;289;123;279;146;332;262;60;245;421
65;ORF1ab polyprotein;BtRf-AlphaCoV/YN2012;8;3;9;8;3;1;2;12;1;5;12;12;2;5;3;6;4;0;2;11
66;ORF1ab polyprotein;BtRf-AlphaCoV/YN2012;18;9;11;17;8;6;15;22;7;16;16;16;2;14;12;20;14;5;9;25
67;ORF1ab polyprotein;Rousettus bat coronavirus HKU10;313;170;284;263;175;140;180;316;103;240;445;288;123;284;156;336;287;61;247;452
68;ORF1ab polyprotein;Rousettus bat coronavirus HKU10;23;8;16;16;12;14;24;19;8;17;32;36;4;15;17;18;20;0;9;39
69;ORF1ab polyprotein;Rhinolophus bat coronavirus HKU2;338;177;287;305;183;138;157;324;104;247;445;296;124;283;145;344;264;61;255;449
70;ORF1ab polyprotein;Rhinolophus bat coronavirus HKU2;15;5;8;8;5;1;9;14;4;6;14;15;4;9;6;8;12;0;3;18
71;ORF1ab protein;NL63-related bat coronavirus;305;174;286;268;179;128;171;310;93;221;436;269;105;277;155;336;273;61;242;430
72;ORF1ab protein;NL63-related bat coronavirus;20;9;19;19;7;8;18;23;5;14;35;28;4;17;12;24;10;0;9;37
73;ORF1ab polyprotein;BtRf-AlphaCoV/HuB2013;315;158;291;253;179;129;182;315;102;231;417;285;126;276;152;341;266;56;241;446
74;ORF1ab polyprotein;BtRf-AlphaCoV/HuB2013;10;2;11;5;1;3;5;14;4;10;9;10;1;6;5;7;5;0;4;12
75;ORF1ab protein;NL63-related bat coronavirus;331;181;289;263;175;136;179;313;93;213;447;265;120;282;162;317;282;64;249;454
76;ORF1ab protein;NL63-related bat coronavirus;18;5;6;10;2;3;11;18;3;8;18;17;2;7;10;12;9;0;3;27
77;ORF1ab protein;NL63-related bat coronavirus;19;8;8;26;7;3;16;16;4;12;22;21;2;16;12;13;13;4;10;24
78;ORF1ab polyprotein;BtNv-AlphaCoV/SC2013;313;188;270;269;185;123;167;321;97;207;446;258;120;278;152;348;284;62;250;469
79;ORF1ab polyprotein;BtNv-AlphaCoV/SC2013;9;2;9;7;2;7;4;16;6;5;13;8;1;6;4;6;4;0;2;20
80;ORF1ab polyprotein;Human coronavirus NL63;275;159;295;263;177;126;161;303;106;243;437;276;99;304;148;340;274;60;245;438
81;ORF1ab polyprotein;Human coronavirus NL63;8;3;11;4;3;2;10;14;4;9;16;8;2;8;5;10;2;0;4;15
82;Pol1;Porcine epidemic diarrhea virus;310;167;275;264;180;132;169;316;105;229;429;270;112;280;155;348;282;58;245;433
83;Pol1;Porcine epidemic diarrhea virus;12;3;8;9;3;3;6;14;4;8;15;16;2;7;10;10;5;1;7;23
84;replicase polyprotein 1ab;Bat coronavirus CDPHE15/USA/2006;327;181;270;260;187;129;170;315;111;224;424;260;123;272;151;340;281;60;240;432
85;replicase polyprotein 1ab;Bat coronavirus CDPHE15/USA/2006;14;8;4;9;5;4;9;14;3;6;14;10;1;7;7;10;4;0;5;20
86;polyprotein 1ab;Canada goose coronavirus;343;182;306;274;176;149;177;296;100;254;444;278;107;295;185;329;291;73;274;497
87;polyprotein 1ab;Canada goose coronavirus;11;0;8;4;4;3;1;10;2;6;8;9;2;4;4;6;4;0;3;13
88;replicase polyprotein 1ab;Human coronavirus 229E;330;161;290;252;176;132;181;319;99;235;420;285;123;294;151;336;288;67;242;440
89;replicase polyprotein 1ab;Human coronavirus 229E;13;5;16;16;5;6;15;17;4;14;19;26;1;10;11;8;16;1;6;34
90;replicase polyprotein 1ab;Human coronavirus 229E;14;5;7;18;7;1;22;16;4;18;18;20;2;15;11;13;12;4;12;23
91;ORF1ab polyprotein;BtMr-AlphaCoV/SAX2011;318;179;281;262;183;133;173;316;106;223;415;259;117;265;153;330;275;61;251;432
92;ORF1ab polyprotein;BtMr-AlphaCoV/SAX2011;10;5;6;9;5;6;9;15;2;5;16;15;2;4;7;8;8;1;7;17
93;polyprotein ORF1ab;Camel alphacoronavirus;335;160;291;256;175;131;179;320;96;228;427;289;122;283;153;331;288;67;246;442
94;polyprotein ORF1ab;Camel alphacoronavirus;12;4;12;11;5;5;13;18;3;11;19;24;1;9;8;9;10;0;5;31
95;ORF1ab polyprotein;Ferret coronavirus;320;174;306;266;179;132;179;318;97;227;443;298;147;261;167;354;279;60;281;488
96;ORF1ab polyprotein;Ferret coronavirus;14;4;7;5;1;4;8;12;3;10;15;15;2;9;11;10;7;0;5;18
97;orf1ab polyprotein;Mink coronavirus strain WD1127;299;168;298;269;182;127;173;295;97;244;410;282;122;248;156;333;274;58;274;452
98;orf1ab polyprotein;Mink coronavirus strain WD1127;9;6;9;4;2;4;7;11;2;8;11;12;1;4;8;7;5;1;5;15
99;orf1ab polyprotein;Mink coronavirus strain WD1127;15;8;12;27;11;11;7;21;7;13;24;18;3;12;11;28;22;4;14;34
100;replicase;Transmissible gastroenteritis virus;309;158;294;245;167;134;204;293;87;263;380;297;134;277;155;343;287;55;257;424
101;replicase;Transmissible gastroenteritis virus;15;8;19;17;4;11;19;16;4;19;21;23;1;12;9;15;11;1;6;28
102;replicase;Transmissible gastroenteritis virus;18;7;15;17;7;9;13;21;12;18;16;19;3;10;8;13;17;4;9;28
103;polyprotein ab;Feline infectious peritonitis virus;310;155;285;248;171;136;205;296;92;252;409;302;128;272;157;337;290;57;263;440
104;polyprotein ab;Feline infectious peritonitis virus;16;8;14;15;3;5;11;16;2;10;21;20;0;8;7;10;13;1;6;30
105;ORF1ab polyprotein;Infectious bronchitis virus;312;174;300;266;178;155;203;302;104;254;434;297;107;281;174;330;301;67;269;493
106;ORF1ab polyprotein;Infectious bronchitis virus;22;7;12;16;8;9;11;13;2;13;27;16;0;11;6;11;13;6;14;14
107;ORF1ab polyprotein;Infectious bronchitis virus;13;4;8;10;6;8;12;12;5;8;10;21;3;9;8;5;5;0;5;26
108;ORF1ab polyprotein;Lucheng Rn rat coronavirus;317;167;286;275;183;131;169;290;106;228;423;281;111;290;152;339;265;62;268;438
109;ORF1ab polyprotein;Lucheng Rn rat coronavirus;12;7;11;7;5;4;2;11;2;4;11;7;0;7;5;8;7;0;4;13
110;ORF1ab polyprotein;Turkey coronavirus;319;168;292;270;173;152;193;288;102;247;418;272;108;260;175;319;283;67;266;465
111;ORF1ab polyprotein;Turkey coronavirus;12;5;6;11;6;8;18;12;5;8;9;22;3;11;10;9;5;0;5;28
112;ORF1ab polyprotein;Duck coronavirus;314;167;284;276;166;148;185;294;108;220;422;286;108;277;183;326;273;72;269;486
113;ORF1ab polyprotein;Duck coronavirus;18;7;10;9;9;5;7;8;2;4;19;9;2;8;5;10;4;6;6;10
114;ORF1ab polyprotein;Duck coronavirus;14;3;7;7;2;6;1;10;4;6;6;7;3;5;5;4;1;0;4;16
115;ORF1ab polyprotein;Wencheng Sm shrew coronavirus;224;142;329;258;165;114;194;288;80;245;435;331;123;305;121;315;228;56;255;467
116;ORF1ab polyprotein;Wencheng Sm shrew coronavirus;13;6;12;13;4;4;6;14;2;12;16;21;2;5;6;12;2;0;6;25
117;ORF1ab polyprotein;Shrew coronavirus;259;142;282;283;186;135;164;265;90;216;440;332;118;257;168;338;308;69;235;482
118;ORF1ab polyprotein;Shrew coronavirus;36;10;33;51;15;29;53;35;11;37;45;47;7;31;25;43;44;6;17;75
119;ORF 1ab polyprotein;Beluga whale coronavirus SW1;349;176;251;267;160;157;217;312;101;242;432;294;136;267;188;332;256;56;264;449
120;ORF 1ab polyprotein;Beluga whale coronavirus SW1;17;7;12;7;2;6;15;15;3;17;13;16;4;5;9;12;13;1;5;15
121;nsp3;Severe acute respiratory syndrome coronavirus 2;126;45;113;103;51;68;119;98;35;97;178;140;37;80;74;139;164;18;95;165
122;ORF1ab polyprotein;Wencheng Sm shrew coronavirus;223;144;326;257;164;115;195;287;79;244;438;332;121;306;122;319;227;55;255;466
123;ORF1ab polyprotein;Wencheng Sm shrew coronavirus;13;6;12;13;4;4;6;14;2;12;17;21;2;5;6;12;2;0;6;24
124;ORF1ab polyprotein;Infectious bronchitis virus;297;171;268;243;182;158;213;294;102;257;412;270;109;280;172;319;285;69;266;458
125;ORF1ab polyprotein;Infectious bronchitis virus;20;6;11;12;7;7;10;8;2;7;23;13;0;12;6;11;9;6;10;11
126;ORF1ab polyprotein;Infectious bronchitis virus;15;6;7;11;5;9;18;14;4;10;10;20;3;11;8;8;5;0;5;27
127;ORF1a polyprotein;Bat Hp-betacoronavirus/Zhejiang2013;249;115;157;174;125;107;125;176;62;157;325;206;106;162;126;234;272;36;157;318
128;ORF1a polyprotein;Bat Hp-betacoronavirus/Zhejiang2013;82;34;49;73;32;26;61;64;24;51;80;53;14;38;42;49;67;8;34;100
129;orf1ab gene product;Night heron coronavirus HKU19;312;139;310;261;133;172;174;233;128;296;430;295;129;229;185;340;397;40;293;423
130;orf1ab gene product;Night heron coronavirus HKU19;16;4;13;17;7;11;18;15;3;18;17;11;2;7;17;11;10;0;12;18
131;ORF1ab polyprotein;Porcine coronavirus HKU15;367;178;273;239;138;195;174;232;134;283;442;236;103;220;206;274;365;37;259;390
132;ORF1ab polyprotein;Porcine coronavirus HKU15;23;5;14;24;4;11;14;16;4;14;23;13;1;8;22;17;25;1;7;24
133;orf1ab polyprotein;Munia coronavirus HKU13-3514;384;188;251;252;147;179;162;236;134;270;446;229;103;207;203;283;366;36;266;416
134;orf1ab polyprotein;Munia coronavirus HKU13-3514;20;4;9;15;4;14;8;14;4;13;19;11;1;6;14;9;15;1;9;18
135;ORF1ab polyprotein;Sparrow coronavirus HKU17;373;181;268;245;136;189;170;236;141;285;446;235;101;214;204;276;361;37;258;388
136;ORF1ab polyprotein;Sparrow coronavirus HKU17;24;4;15;23;4;12;17;16;4;12;24;14;1;7;21;16;23;1;7;25
137;ORF1ab polyprotein;White-eye coronavirus HKU16;349;176;277;255;147;182;161;245;129;298;462;249;96;203;198;304;367;36;262;390
138;replicase polyprotein;Magpie-robin coronavirus HKU18;400;188;251;256;146;180;160;237;131;265;438;226;98;210;204;280;365;37;265;416
139;replicase polyprotein;Magpie-robin coronavirus HKU18;12;4;6;14;3;12;5;10;4;9;17;8;0;5;11;2;16;1;6;14
140;orf1ab polyprotein;Bulbul coronavirus HKU11-934;344;177;267;253;137;190;168;244;129;293;442;248;95;219;202;298;377;34;264;397
141;orf1ab polyprotein;Bulbul coronavirus HKU11-934;25;6;16;23;8;13;17;18;8;18;24;15;0;7;20;9;24;2;9;33
142;orf1ab polyprotein;Thrush coronavirus HKU12-600;353;183;265;244;147;181;184;241;137;290;454;238;99;213;200;291;362;36;268;404
143;orf1ab polyprotein;Thrush coronavirus HKU12-600;19;5;14;16;5;8;15;12;6;17;18;9;0;2;17;11;15;0;9;19
144;nsp3;SARS coronavirus Tor2;137;52;93;103;52;62;129;104;38;88;180;130;46;79;75;142;153;18;83;158
145;ORF1ab polyprotein;Wigeon coronavirus HKU20;325;182;259;255;136;155;154;263;126;285;438;231;89;213;192;305;333;42;277;442
146;replicase polyprotein 1b, partial;Swine enteric coronavirus;160;102;162;160;100;83;116;163;57;138;215;171;64;144;97;167;167;30;153;228
147;ORF1ab polyprotein;Common moorhen coronavirus HKU21;322;164;285;270;141;164;151;239;134;317;411;265;99;222;194;274;353;35;279;436
148;ORF1ab polyprotein;Common moorhen coronavirus HKU21;18;2;10;14;4;5;9;10;5;9;17;9;1;4;12;7;9;0;7;20
149;orf1b polyprotein, partial;Coronavirus AcCoV-JC34;159;99;174;162;97;69;100;164;66;119;238;160;59;150;101;165;152;30;155;248
150;ORF1a polyprotein;Rousettus bat coronavirus HKU9;325;169;173;217;127;121;160;283;69;185;437;190;111;170;197;287;284;55;212;442
151;ORF1a polyprotein;Bat coronavirus;238;128;137;132;93;87;103;180;44;136;312;142;81;141;138;202;261;40;148;316
152;ORF1a polyprotein;Bat coronavirus;91;38;36;76;19;38;69;83;20;49;93;51;15;50;56;57;61;13;35;113
153;ORF1a polyprotein;Betacoronavirus Erinaceus/VMC/DEU/2012;231;101;201;154;116;121;126;189;62;149;339;207;88;152;109;252;192;42;159;335
154;ORF1a polyprotein;Betacoronavirus Erinaceus/VMC/DEU/2012;75;21;31;71;27;30;66;64;18;36;88;67;18;55;39;69;60;8;31;122
155;ORF1a polyprotein;Betacoronavirus Erinaceus/VMC/DEU/2012;19;4;8;8;3;7;2;12;7;8;18;10;2;2;4;12;5;0;3;19
156;ORF1a polyprotein;Betacoronavirus England 1;258;115;165;168;105;103;106;175;61;149;320;175;75;168;119;236;235;41;150;307
157;ORF1a polyprotein;Betacoronavirus England 1;85;28;42;75;28;43;68;76;20;53;101;69;16;50;48;91;74;8;46;128
158;1A polyprotein;Middle East respiratory syndrome-related coronavirus;259;115;165;168;105;103;106;176;61;147;321;174;76;168;119;236;236;41;150;305
159;1A polyprotein;Middle East respiratory syndrome-related coronavirus;87;28;42;75;28;43;67;76;20;54;100;70;16;50;49;88;74;8;46;128
160;ORF1a polyprotein;Bat coronavirus;258;114;161;155;107;103;116;174;58;146;327;174;70;158;118;244;233;41;157;318
161;ORF1a polyprotein;Bat coronavirus;79;32;39;82;27;48;62;78;18;54;109;68;15;52;48;87;67;8;45;127
162;ORF1a polyprotein;Pipistrellus bat coronavirus HKU5;241;106;173;156;100;100;101;176;59;136;322;170;71;138;106;228;218;43;155;299
163;ORF1a polyprotein;Pipistrellus bat coronavirus HKU5;79;30;33;68;28;34;66;70;15;41;91;57;20;46;40;78;66;11;43;110
164;ORF1a polyprotein;Pipistrellus bat coronavirus HKU5;18;5;10;10;3;3;5;13;6;9;18;7;0;4;5;8;7;0;7;20
165;RNA-dependent RNA polymerase;Severe acute respiratory syndrome coronavirus 2;64;43;56;75;29;28;31;45;27;33;83;51;25;57;30;53;61;9;58;74
166;orf1a polyprotein;Bovine coronavirus;179;82;150;159;101;99;81;150;39;153;280;177;69;164;76;214;168;39;145;288
167;orf1a polyprotein;Bovine coronavirus;13;3;7;8;5;6;5;14;3;6;10;14;2;4;4;9;11;0;5;24
168;orf1a polyprotein;Bovine coronavirus;64;30;22;61;28;25;37;58;20;37;75;55;14;47;32;52;34;10;46;92
169;ORF1a polyprotein;Human coronavirus OC43;179;82;148;160;100;94;79;148;41;151;278;182;68;170;74;218;171;39;146;285
170;ORF1a polyprotein;Human coronavirus OC43;12;2;8;8;5;6;4;14;3;6;11;14;2;4;4;9;11;0;5;25
171;ORF1a polyprotein;Human coronavirus OC43;17;8;5;20;7;7;19;13;2;12;21;18;4;10;14;13;10;1;10;26
172;ORF1a polyprotein;Rat coronavirus Parker;193;88;142;141;111;96;101;152;52;115;284;166;70;153;92;213;174;42;139;325
173;ORF1a polyprotein;Rat coronavirus Parker;9;3;1;16;4;0;10;4;1;5;11;11;1;6;5;8;5;0;3;14
174;ORF1a polyprotein;Rat coronavirus Parker;15;5;10;8;6;4;6;15;2;10;11;12;2;5;4;6;7;0;4;21
175;ORF1a polyprotein;Rabbit coronavirus HKU14;177;89;158;153;96;95;80;155;47;147;272;170;69;167;79;236;176;39;146;309
176;ORF1a polyprotein;Rabbit coronavirus HKU14;18;3;11;16;8;7;6;17;5;15;14;17;5;8;4;15;9;0;7;22
177;ORF1a polyprotein;Rabbit coronavirus HKU14;11;0;5;14;5;1;18;6;1;6;9;11;1;10;3;7;7;0;2;15
178;ORF1a polyprotein;Murine hepatitis virus;197;92;144;134;113;94;99;158;50;111;280;164;73;155;93;204;175;42;139;321
179;ORF1a polyprotein;Murine hepatitis virus;21;8;14;17;11;10;10;16;4;12;20;16;3;9;5;16;11;1;5;33
180;ORF1a polyprotein;Murine hepatitis virus;39;9;8;42;17;11;27;22;4;15;34;32;10;21;14;26;20;3;12;61
181;ORF1a polyprotein;Murine hepatitis virus;197;92;144;134;113;94;99;158;50;111;279;165;72;155;92;206;175;42;139;321
182;ORF1a polyprotein;Murine hepatitis virus;21;8;14;17;11;10;10;16;4;12;20;16;3;9;5;16;11;1;5;33
183;ORF1a polyprotein;Murine hepatitis virus;39;9;8;42;17;11;27;22;4;15;34;32;10;21;14;26;20;3;12;61
184;ORF1a polyprotein;Murine hepatitis virus strain JHM;193;95;143;133;112;95;98;156;51;113;280;164;75;150;95;210;175;42;141;322
185;ORF1a polyprotein;Murine hepatitis virus strain JHM;61;38;20;61;41;25;47;62;11;32;83;58;23;44;43;51;42;14;35;111
186;ORF1a polyprotein;Murine hepatitis virus strain JHM;15;5;11;8;6;4;5;17;3;10;10;10;2;4;4;6;8;0;4;21
187;ORF1a polyprotein;Betacoronavirus HKU24;191;84;143;145;107;100;89;152;51;145;260;174;72;168;77;187;171;42;144;305
188;ORF1a polyprotein;Betacoronavirus HKU24;75;27;22;59;37;35;57;71;15;42;77;59;26;44;39;64;35;12;36;106
189;ORF1a polyprotein;Betacoronavirus HKU24;15;4;5;7;7;3;5;13;2;6;8;12;3;6;5;7;7;0;5;16
190;ORF1a polyprotein;Tylonycteris bat coronavirus HKU4;171;77;124;96;74;66;72;120;46;111;225;101;54;110;74;159;157;32;112;213
191;ORF1a polyprotein;Tylonycteris bat coronavirus HKU4;39;22;44;53;19;21;27;46;13;34;71;52;14;27;28;53;53;9;45;86
192;ORF1a polyprotein;Tylonycteris bat coronavirus HKU4;92;40;64;90;36;38;74;82;23;63;120;72;24;51;51;87;78;9;45;126
193;ORF1a polyprotein;Rodent coronavirus;185;89;151;151;104;102;81;147;52;162;254;169;70;177;82;189;188;41;150;293
194;ORF1a polyprotein;Rodent coronavirus;24;9;9;35;15;17;37;18;3;16;28;20;7;17;14;29;17;2;10;46
195;ORF1a polyprotein;Human coronavirus HKU1;165;80;148;151;102;88;80;148;52;180;270;157;67;185;80;202;156;40;154;295
196;ORF1a polyprotein;Human coronavirus HKU1;15;4;9;10;7;4;2;14;3;10;14;13;2;4;4;9;6;0;5;20
197;ORF1a polyprotein;Human coronavirus HKU1;20;6;24;29;14;12;26;17;2;24;34;22;15;28;12;22;17;3;13;48
198;nsp12;Rousettus bat coronavirus HKU9;69;43;49;64;32;35;40;56;22;33;83;49;32;49;29;52;49;9;64;73
199;nsp12;Pipistrellus bat coronavirus HKU5;58;38;48;71;32;26;37;51;24;37;77;56;32;57;30;52;57;10;61;75
200;nsp12 protein;Middle East respiratory syndrome-related coronavirus;59;35;49;70;32;26;36;52;26;35;74;59;35;58;28;51;56;9;63;76
201;nsp12;Betacoronavirus England 1;59;35;48;70;32;26;36;52;26;35;74;60;35;58;28;51;56;9;63;76
202;nsp12;Tylonycteris bat coronavirus HKU4;58;35;50;71;31;25;34;51;25;41;76;58;35;54;29;57;54;10;65;71
203;nsp10/12;Canada goose coronavirus;64;45;57;78;41;37;48;62;23;50;82;63;34;65;54;70;60;9;73;85
204;nsp2;Severe acute respiratory syndrome coronavirus 2;44;19;31;20;27;18;54;49;9;40;60;51;10;30;22;36;46;7;19;46
205;nsp12;Rat coronavirus Parker;58;39;50;65;34;26;46;50;21;41;86;55;25;57;28;54;44;6;60;79
206;nsp12;Murine hepatitis virus;58;39;49;65;34;26;47;49;20;42;88;55;24;57;28;54;45;6;60;78
