species_name,higher_altitude,far_migration,wintering,diving,flying
Abrornis_proregulus,1700,Y,N,N,Y
Acanthis_flammea,2100,M,Y,N,Y
Acanthisitta_chloris,1500,N,N,N,Y
Accipiter_gentilis,,,,,
Accipiter_nisus,,,,,
Accipiter_soloensis,,,,,
Accipiter_virgatus,,,,,
Aceros_corrugatus,200,N,N,N,Y
Aceros_waldeni,1200,N,N,N,Y
Acridotheres_cristatellus,200,N,N,N,Y
Acrocephalus_arundinaceus,2000,Y,N,N,Y
Acrocephalus_scirpaceus,2000,M,N,N,Y
Acryllium_vulturinum,1900,N,N,N,M
Aegithalos_bonvaloti,4000,N,N,N,Y
Aegithalos_caudatus,2000,M,Y,N,Y
Aegithalos_concinnus,4000,N,N,N,Y
Aegithalos_fuliginosus,2500,N,N,N,Y
Aegithalos_glaucogularis,3000,N,N,N,Y
Aegotheles_cristatus,1000,N,N,N,Y
Aegypius_monachus,4500,M,M,N,Y
Aepyornis_sp.,200,N,N,N,N
Aethopyga_gouldiae,4300,N,N,N,Y
Agapornis_roseicollis,1500,N,N,N,Y
Agelaius_phoeniceus,3000,M,N,N,Y
Aix_galericulata,2000,Y,N,N,Y
Akialoa_obscura,2500,N,N,N,Y
Alauda_arvensis,3500,Y,N,N,Y
Alcedo_atthis,2000,M,N,N,Y
Alcippe_morrisonia,3000,N,N,N,Y
Alectoris_chukar,5000,N,M,N,Y
Alectura_lathami,500,N,N,N,Y
Alopecoenas_salamonis,500,N,N,N,Y
Amaurornis_akool,800,M,N,N,Y
Amaurornis_phoenicurus,2000,M,N,N,Y
Amazilia_brevirostris,500,N,N,N,Y
Amazilia_millerii,,,,,
Amazilia_rondoniae,100,N,N,N,Y
Amazilia_versicolor,1700,N,N,N,Y
Amazona_aestiva,500,M,N,N,Y
Amazona_barbadensis,500,M,N,N,Y
Amazona_ochrocephala,500,N,N,N,Y
Amazona_ventralis,1500,N,N,N,Y
Amblyramphus_holosericeus,600,M,N,N,Y
Anas_acuta,4000,Y,N,M,Y
Anas_chathamica,300,N,N,M,Y
Anas_clypeata,4000,Y,N,M,Y
Anas_crecca,3400,Y,N,M,Y
Anas_falcata,1000,Y,N,M,Y
Anas_formosa,2500,Y,N,M,Y
Anas_platyrhynchos,3300,Y,N,M,Y
Anas_poecilorhyncha,1000,N,N,M,Y
Anhinga_rufa,500,N,N,M,Y
Anomalopteryx_didiformis,500,N,N,N,N
Anser_albifrons,2000,Y,N,M,Y
Anser_anser,2300,Y,N,M,Y
Anser_cygnoides,2000,Y,N,M,Y
Anser_fabalis,2000,Y,N,M,Y
Anser_indicus,5300,Y,N,M,Y
Anseranas_semipalmata,500,N,N,M,Y
Anthracoceros_coronatus,500,N,N,N,Y
Anthropoides_paradiseus,2000,N,N,M,Y
Anthropoides_virgo,3000,Y,N,M,Y
Anthus_hodgsoni,4000,Y,N,N,Y
Anthus_novaeseelandiae,2000,N,N,N,Y
Apaloderma_narina,3400,N,N,N,Y
Aptenodytes_forsteri,100,N,Y,Y,N
Apteryx_australis,500,N,N,N,N
Apteryx_haastii,1500,N,N,N,N
Apteryx_mantelli,500,N,N,N,N
Apteryx_owenii,1000,N,N,N,N
Apus_apus,4000,Y,N,,
Aquila_chrysaetos,,,,,
Aquila_heliaca,,,,,
Ara_ararauna,1500,M,N,N,Y
Ara_glaucogularis,300,M,N,N,Y
Ara_macao,1000,M,N,N,Y
Ara_militaris,2600,M,N,N,Y
Ara_severus,1500,N,N,N,Y
Ara_tricolor,500,N,N,N,Y
Aratinga_acuticaudata,2650,M,N,N,Y
Aratinga_brevipes,1000,N,N,N,Y
Aratinga_mitrata,4000,M,N,N,Y
Aratinga_pertinax,1200,M,N,N,Y
Aratinga_rubritorquis,1800,M,N,N,Y
Arborophila_ardens,1400,N,N,N,Y
Arborophila_brunneopectus,1800,N,N,N,Y
Arborophila_gingica,1700,N,N,N,Y
Arborophila_rufipectus,2500,N,N,N,Y
Arborophila_rufogularis,4000,N,N,N,Y
Archilochus_colubris,1900,Y,N,N,Y
Ardea_cinerea,2000,M,N,M,Y
Ardea_intermedia,1500,M,N,M,Y
Ardea_modesta,4000,M,N,M,Y
Ardea_novaehollandiae,1500,M,N,M,Y
Ardea_purpurea,2000,M,N,M,Y
Ardeola_bacchus,4000,M,N,M,Y
Arenaria_interpres,4500,Y,N,N,Y
Argusianus_argus,1500,N,N,N,Y
Arremon_aurantiirostris,3500,N,N,N,Y
Asio_flammeus,4000,Y,N,N,Y
Asio_otus,2700,M,Y,N,Y
Athene_brama,1600,N,N,N,Y
Atlantisia_rogersi,400,N,N,N,N
Attagis_gayi,5500,N,M,N,Y
Aythya_americana,500,Y,N,Y,Y
Aythya_ferina,2500,Y,N,Y,Y
Aythya_fuligula,3000,Y,N,Y,Y
Balaeniceps_rex,500,N,N,M,Y
Balearica_pavonina,1000,N,N,M,Y
Balearica_regulorum,500,N,N,M,Y
Bambusicola_fytchii,3000,N,N,N,Y
Bambusicola_thoracica,2000,N,N,N,Y
Bombycilla_cedrorum,500,M,Y,N,Y
Bonasa_bonasia,1800,N,Y,N,Y
Botaurus_stellaris,1300,Y,N,M,Y
Brachygalba_albogularis,600,N,N,N,Y
Branta_canadensis,2000,M,N,M,Y
Brotogeris_cyanoptera,1000,N,N,N,Y
Bubo_blakistoni,200,N,Y,N,Y
Bubo_bubo,4500,N,Y,N,Y
Bubo_flavipes,2500,N,N,N,Y
Bubo_scandiacus,1000,Y,Y,N,Y
Bubulcus_ibis,4500,M,N,M,Y
Bucco_macrodactylus,1000,N,N,N,Y
Buceros_bicornis,2000,N,N,N,Y
Buceros_rhinoceros,1400,N,N,N,Y
Bucorvus_leadbeateri,3000,N,N,N,Y
Burhinus_grallarius,500,N,N,N,Y
Butastur_indicus,,,,,
Butastur_liventer,,,,,
Buteo_buteo,,,,,
Buteo_hemilasius,,,,,
Buteo_lagopus,,,,,
Butorides_striata,4000,M,N,M,Y
Bycanistes_brevis,2600,N,N,N,Y
Cacatua_moluccensis,1200,N,N,N,Y
Cacatua_pastinator,500,M,N,N,Y
Cairina_moschata,500,N,N,M,Y
Callaeas_cinereus,500,N,N,N,Y
Callipepla_squamata,2100,N,N,N,Y
Calliphlox_amethystina,1500,N,N,N,Y
Caloenas_maculata,1000,N,N,N,Y
Caloenas_nicobarica,700,M,N,N,Y
Calonectris_diomedea,,,,,
Caloperdix_oculeus,1200,N,N,N,Y
Calyptorhynchus_baudinii,500,N,N,N,Y
Calyptorhynchus_lathami,500,N,N,N,Y
Calyptorhynchus_latirostris,500,N,N,N,Y
Campephilus_guatemalensis,2000,N,N,N,Y
Campephilus_imperialis,3000,N,N,N,Y
Campylorhynchus_brunneicapillus,2000,N,N,N,Y
Campylorhynchus_zonatus,3000,N,N,N,Y
Capito_niger,800,N,N,N,Y
Caprimulgus_indicus,2100,N,N,N,Y
Cardinalis_cardinalis,2000,N,N,N,Y
Carduelis_pinus,4000,M,M,N,Y
Carduelis_psaltria,3100,M,N,N,Y
Carduelis_sinica,2400,M,N,N,Y
Carduelis_spinus,2000,M,M,N,Y
Carduelis_tristis,1000,M,M,N,Y
Carpodacus_erythrinus,4500,Y,N,N,Y
Carpodacus_mexicanus,2000,M,M,N,Y
Carpodacus_roseus,2500,M,M,N,Y
Casuarius_bennetti,3300,N,N,N,N
Casuarius_casuarius,1100,N,N,N,N
Catharacta_skua,,,,,
Cathartes_aura,,,,,
Cecropis_daurica,3900,M,M,N,Y
Ceryle_rudis,2500,N,N,Y,Y
Chaetura_pelagica,3200,Y,N,N,Y
Chalcophaps_indica,2200,M,N,N,Y
Charadrius_placidus,2700,Y,N,M,Y
Charadrius_vociferus,2400,M,N,M,Y
Chionis_minor,,,,,
Chloroceryle_aenea,2600,N,N,Y,Y
Chlorophanes_spiza,2300,N,N,N,Y
Chroicocephalus_ridibundus,,,,,
Chrysolampis_mosquitus,1700,M,N,N,Y
Chrysolophus_amherstiae,4600,N,M,N,Y
Chrysolophus_pictus,2600,N,N,N,Y
Chrysomus_cyanopus,500,N,N,N,Y
Chrysomus_icterocephalus,2600,N,N,N,Y
Chrysomus_ruficapillus,500,N,N,N,Y
Chrysomus_thilius,4000,M,N,N,Y
Chrysomus_xanthophthalmus,650,N,N,N,Y
Ciconia_boyciana,,,,,
Ciconia_ciconia,3300,Y,N,M,Y
Ciconia_nigra,2000,Y,N,M,Y
Circus_cyaneus,2500,Y,N,N,Y
Circus_melanoleucos,2000,Y,N,N,Y
Cnemotriccus_fuscatus,2000,N,N,N,Y
Coccothraustes_coccothraustes,2200,M,M,N,Y
Colinus_virginianus,2000,N,M,N,Y
Columba_jouyi,2000,N,N,N,Y
Columba_livia,3000,M,M,N,Y
Columba_rupestris,6000,M,M,N,Y
Copsychus_saularis,1500,N,N,N,Y
Coracopsis_vasa,1000,N,N,N,Y
Corvus_brachyrhynchos,2000,M,M,N,Y
Corvus_corax,3000,M,M,N,Y
Corvus_coronoides,2000,M,M,N,Y
Corvus_cryptoleucus,2400,M,N,N,Y
Corvus_frugilegus,2000,M,M,N,Y
Corvus_hawaiiensis,2000,N,N,N,Y
Corvus_macrorhynchos,4500,M,M,N,Y
Corvus_moriorum,1000,N,N,N,Y
Corvus_ruficollis,2000,N,N,N,Y
Corvus_splendens,2000,N,N,N,Y
Corythornis_leucogaster,1800,N,N,Y,Y
Coturnicops_exquisitus,1000,Y,N,N,Y
Coturnix_chinensis,2300,M,M,N,Y
Coturnix_japonica,3000,Y,N,N,Y
Crax_daubentoni,1500,N,N,N,Y
Crax_rubra,1200,N,N,N,Y
Crossoptilon_auritum,4400,N,M,N,Y
Crossoptilon_crossoptilon,4300,N,M,N,Y
Crossoptilon_harmani,5000,N,M,N,Y
Crossoptilon_mantchuricum,2600,N,M,N,Y
Crotophaga_ani,2500,N,N,N,Y
Crypturellus_tataupa,1400,N,N,N,N
Cuculus_poliocephalus,3600,Y,N,N,Y
Curaeus_curaeus,1500,N,N,N,Y
Cursorius_temminckii,2500,M,N,N,Y
Cyanistes_cyanus,2500,M,Y,N,Y
Cyanopica_cyanus,1600,N,Y,N,Y
Cyanoptila_cyanomelana,1800,Y,N,N,Y
Cygnus_atratus,1000,N,N,M,Y
Cygnus_columbianus,1000,Y,N,M,Y
Cygnus_cygnus,1850,Y,N,M,Y
Cygnus_olor,1000,Y,N,M,Y
Cypseloides_fumigatus,2100,M,N,N,Y
Dacelo_novaeguineae,1000,N,N,N,Y
Dendrocopos_leucotos,1700,N,Y,N,Y
Dendrocopos_major,2500,N,Y,N,Y
Dendrocygna_javanica,1000,M,N,M,Y
Dendroica_coronata,1000,Y,N,N,Y
Deroptyus_accipitrinus,1000,N,N,N,Y
Didunculus_strigirostris,1600,N,N,N,Y
Dinornis_giganteus,1000,N,N,N,N
Diomedea_chrysostoma,,,,,
Dives_dives,2000,N,N,N,Y
Dromaius_novaehollandiae,1000,N,N,N,N
Dryocopus_pileatus,2300,N,M,N,Y
Dupetor_flavicollis,,,,,
Eclectus_roratus,2000,N,N,N,Y
Ectopistes_migratorius,2000,Y,M,N,Y
Egretta_eulophotes,1000,Y,N,M,Y
Egretta_garzetta,2000,M,N,M,Y
Egretta_sacra,400,N,N,M,Y
Emberiza_aureola,1000,Y,N,N,Y
Emberiza_chrysophrys,1000,Y,N,N,Y
Emberiza_cioides,1000,M,M,N,Y
Emberiza_elegans,1000,M,M,N,Y
Emberiza_fucata,1000,M,M,N,Y
Emberiza_jankowskii,1000,M,M,N,Y
Emberiza_leucocephalos,1000,Y,N,N,Y
Emberiza_pusilla,1000,Y,N,N,Y
Emberiza_rustica,1000,Y,N,N,Y
Emberiza_rutila,1000,Y,N,N,Y
Emberiza_spodocephala,1000,Y,N,N,Y
Emberiza_sulphurata,1500,M,M,N,Y
Emberiza_tristrami,1000,Y,N,N,Y
Emeus_crassus,1000,N,N,N,N
Eolophus_roseicapillus,1000,M,N,N,Y
Eophona_migratoria,1000,Y,N,N,Y
Eophona_personata,1000,Y,N,N,Y
Eopsaltria_australis,1000,N,N,N,Y
Eopsaltria_georgiana,1000,N,N,N,Y
Eopsaltria_griseogularis,1000,N,N,N,Y
Epthianura_albifrons,1000,N,N,N,Y
Eremopsaltria_mongolica,4500,N,N,N,Y
Eudocimus_ruber,1000,N,N,M,Y
Eudromia_elegans,2500,M,N,N,N
Eudynamys_taitensis,1500,Y,N,,
Eudyptes_chrysocome,500,N,M,Y,N
Eudyptula_minor,500,N,N,Y,N
Eulabeornis_castaneoventris,1000,N,N,N,Y
Euphagus_cyanocephalus,3000,Y,N,N,Y
Eupsittula_pertinax,1200,N,N,N,Y
Eurynorhynchus_pygmeus,1000,Y,N,M,Y
Eurystomus_orientalis,1000,M,N,N,Y
Falco_amurensis,,,,,
Falco_cherrug,,,,,
Falco_columbarius,,,,,
Falco_naumanni,,,,,
Falco_peregrinus,,,,,
Falco_rusticolus,,,,,
Falco_sparverius,,,,,
Falco_tinnunculus,,,,,
Ficedula_albicollis,1600,Y,N,N,Y
Ficedula_zanthopygia,1000,Y,N,N,Y
Florisuga_fusca,1400,M,N,N,Y
Florisuga_mellivora,1000,M,N,N,Y
Forpus_modestus,1000,M,N,N,Y
Forpus_passerinus,1800,N,N,N,Y
Francolinus_pintadeanus,1500,N,N,N,Y
Fratercula_arctica,1000,Y,N,Y,Y
Fregata_sp.,,,,,
Fringilla_coelebs,2500,M,M,N,Y
Fringilla_montifringilla,3050,Y,N,N,Y
Fringilla_polatzeki,1200,N,N,N,Y
Fringilla_teydea,2300,N,N,N,Y
Fulica_atra,1000,M,N,M,Y
Galbula_albirostris,1300,N,N,N,Y
Gallicolumba_luzonica,1400,N,N,N,Y
Gallicrex_cinerea,1000,M,N,M,Y
Gallinago_stenura,2500,Y,N,M,Y
Gallinula_chloropus,3000,M,N,M,Y
Gallirallus_australis,1500,N,N,N,N
Gallirallus_okinawae,500,N,N,N,N
Gallirallus_philippensis,3600,N,N,N,Y
Gallus_gallus,,,,,
Gallus_lafayetii,2300,N,N,N,Y
Gallus_sonneratii,2400,N,N,N,Y
Gallus_varius,3000,N,N,N,Y
Garrulax_affinis,4600,N,N,N,Y
Garrulax_albogularis,3800,N,N,N,Y
Garrulax_canorus,800,N,N,N,Y
Garrulax_cineraceus,1700,N,N,N,Y
Garrulax_elliotii,4200,N,N,N,Y
Garrulax_formosus,3100,N,N,N,Y
Garrulax_ocellatus,3660,N,N,N,Y
Garrulax_perspicillatus,1000,N,N,N,Y
Garrulax_poecilorhynchus,2100,N,N,N,Y
Garrulax_sannio,1800,N,N,N,Y
Garrulus_glandarius,4000,N,Y,N,Y
Gavia_arctica,2000,Y,N,Y,Y
Gavia_immer,2000,Y,N,Y,Y
Gavia_pacifica,2000,Y,N,Y,Y
Gavia_stellata,2000,Y,N,Y,Y
Gelochelidon_nilotica,,,,,
Geobiastes_squamiger,600,N,N,N,Y
Geococcyx_californianus,2500,N,N,N,Y
Geopelia_striata,2000,N,N,N,Y
Geospiza_fortis,1700,N,N,N,Y
Geospiza_magnirostris,1000,N,N,N,Y
Geotrygon_violacea,1600,M,N,N,Y
Gerygone_igata,1600,N,N,N,Y
Glaucidium_brodiei,2700,N,N,N,Y
Glaucidium_cuculoides,2700,N,N,N,Y
Glaucis_hirsutus,3500,N,N,N,Y
Gnorimopsar_chopi,3400,N,N,N,Y
Gorsachius_goisagi,2400,Y,N,M,Y
Gorsachius_magnificus,2000,M,N,M,Y
Gorsachius_melanolophus,2100,M,N,M,Y
Goura_cristata,5000,N,N,N,Y
Goura_scheepmakeri,800,N,N,N,Y
Goura_sclaterii,500,N,N,N,Y
Goura_victoria,600,N,N,N,Y
Gracula_religiosa,2000,N,N,N,Y
Grus_americana,1000,Y,N,M,Y
Grus_antigone,1000,M,N,M,Y
Grus_canadensis,1000,Y,N,M,Y
Grus_carunculatus,2000,M,N,M,Y
Grus_grus,1000,Y,N,M,Y
Grus_japonensis,1000,Y,N,M,Y
Grus_leucogeranus,1000,Y,N,M,Y
Grus_monacha,1000,Y,N,M,Y
Grus_nigricollis,4900,M,N,M,Y
Grus_paradisea,,,,,
Grus_rubicunda,1000,N,N,M,Y
Grus_vipio,1000,Y,N,M,Y
Grus_virgo,,,,,
Gymnomystax_mexicanus,950,N,N,M,Y
Gyps_fulvus,,,,,
Gyps_himalayensis,6000,N,N,N,Y
Haematopus_ater,1000,M,N,M,Y
Haematopus_ostralegus,1000,Y,N,M,Y
Haematortyx_sanguiniceps,1700,N,N,N,Y
Haemorhous_cassinii,3000,M,M,N,Y
Haemorhous_mexicanus,2000,M,M,N,Y
Halcyon_coromanda,1800,M,N,Y,Y
Halcyon_pileata,2000,Y,N,Y,Y
Halcyon_smyrnensis,3000,M,N,Y,Y
Heliodoxa_aurescens,1400,N,N,N,Y
Heliornis_fulica,1000,N,N,M,Y
Hemignathus_flavus,2000,N,N,N,Y
Hemignathus_parvus,2500,N,N,N,Y
Hemignathus_stejnegeri,2500,N,N,N,Y
Hemignathus_virens,2500,N,N,N,Y
Hemiphaga_novaeseelandiae,1000,N,N,N,Y
Henicorhina_leucosticta,1800,N,N,N,Y
Hesperiphona_vespertina,3000,N,N,N,Y
Heteralocha_acutirostris,2500,N,N,N,Y
Hieraaetus_fasciatus,,,,,
Himantopus_himantopus,4200,M,N,M,Y
Himantopus_mexicanus,,,,,
Himatione_sanguinea,2500,N,N,N,Y
Hirundo_rustica,3000,Y,N,N,Y
Hyliota_flavigaster,1000,N,N,N,Y
Hylocharis_cyanus,1200,M,N,N,Y
Ichthyaetus_relictus,,,,,
Icterus_bullockii,3000,Y,N,N,Y
Icterus_mesomelas,1700,N,N,N,Y
Indicator_maculatus,2100,N,N,N,Y
Ithaginis_cruentus,4400,N,N,N,Y
Ixobrychus_cinnamomeus,1800,M,N,M,Y
Ixobrychus_eurhythmus,1000,Y,N,M,Y
Ixobrychus_sinensis,1500,M,N,M,Y
Ixos_mcclellandii,2700,N,N,N,Y
Jacana_jacana,1000,N,N,N,Y
Jacana_spinosa,1800,N,N,N,Y
Junco_hyemalis,2050,M,N,N,Y
Jynx_ruficollis,2500,N,N,N,Y
Lagopus_lagopus,1100,M,Y,N,Y
Lagopus_muta,5000,N,Y,N,Y
Lampropsar_tanagrinus,500,N,N,N,Y
Lanius_cristatus,1400,Y,N,N,Y
Lanius_isabellinus,2400,Y,N,N,Y
Lanius_schach,3000,N,N,N,Y
Lanius_sphenocercus,1800,M,N,N,Y
Lanius_tephronotus,4500,M,N,N,Y
Lanius_tigrinus,1000,Y,N,N,Y
Larus_brunnicephalus,,,,,
Larus_crassirostris,,,,,
Larus_dominicanus,,,,,
Larus_vegae,,,,,
Leiothrix_argentauris,1800,N,N,N,Y
Leiothrix_lutea,3400,N,N,N,Y
Lepidocolaptes_angustirostris,3000,N,N,N,Y
Lepidothrix_coronata,1400,N,N,N,Y
Leptotila_verreauxi,3200,N,N,N,Y
Lerwa_lerwa,5500,N,M,N,Y
Leucosticte_arctoa,5500,M,M,N,Y
Leucosticte_brandti,5500,M,M,N,Y
Lewinia_muelleri,500,N,N,N,N
Limosa_lapponica,1000,Y,N,M,Y
Lonchura_caniceps,2200,N,N,N,Y
Lonchura_castaneothorax,1800,N,N,N,Y
Lonchura_flaviprymna,500,M,N,N,Y
Lonchura_forbesi,1000,N,N,N,Y
Lonchura_grandis,1300,N,N,N,Y
Lonchura_hunsteini,1000,N,N,N,Y
Lonchura_leucosticta,1000,N,N,N,Y
Lonchura_melaena,1200,N,N,N,Y
Lonchura_nevermanni,1000,N,N,N,Y
Lonchura_nigerrima,,,,,
Lonchura_punctulata,3000,N,N,N,Y
Lonchura_spectabilis,2500,N,N,N,Y
Lonchura_striata,2500,N,N,N,Y
Lonchura_stygia,1000,N,N,N,Y
Lophophanes_dichrous,4500,N,M,N,Y
Lophophorus_lhuysii,4900,N,M,N,Y
Lophophorus_sclateri,4200,N,M,N,Y
Lophornis_magnificus,1000,N,N,N,Y
Lophura_edwardsi,600,N,N,N,Y
Lophura_ignita,1300,N,N,N,Y
Lophura_nycthemera,2000,M,M,N,Y
Lophura_swinhoii,2000,M,M,N,Y
Loxia_curvirostra,4500,M,Y,N,Y
Loxops_caeruleirostris,1200,N,N,N,Y
Loxops_coccineus,2000,N,N,N,Y
Loxops_mana,1900,N,N,N,Y
Luscinia_calliope,1500,Y,N,N,Y
Luscinia_cyanura,3000,Y,N,N,Y
Lyrurus_tetrix,3000,N,Y,N,Y
Machlolophus_spilonotus,2700,N,N,N,Y
Macroagelaius_imthurni,2000,N,N,N,Y
Malacoptila_fusca,1200,N,N,N,Y
Malurus_melanocephalus,1000,N,N,N,Y
Megaceryle_lugubris,2800,N,N,Y,Y
Megalaima_virens,300,N,N,N,Y
Megalurus_pryeri,1000,M,N,N,Y
Megalurus_punctatus,1000,N,N,N,Y
Melamprosops_phaeosoma,2100,N,N,N,Y
Melanocorypha_mongolica,2000,M,N,N,Y
Meleagris_gallopavo,2100,N,N,N,Y
Meleagris_ocellata,300,N,N,N,Y
Melophus_lathami,2400,M,N,N,Y
Melopsittacus_undulatus,1000,M,N,N,Y
Melospiza_melodia,2500,M,M,N,Y
Menura_novaehollandiae,1000,N,N,N,Y
Mergus_squamatus,1000,Y,N,N,Y
Merops_nubicus,1000,M,N,N,Y
Merops_viridis,800,M,N,N,Y
Micrastur_gilvicollis,,,,,
Milvus_migrans,,,,,
Minla_ignotincta,3750,N,N,N,Y
Mionectes_oleagineus,1800,N,N,N,Y
Moho_braccatus,2000,N,N,N,Y
Molothrus_aeneus,3000,M,N,N,Y
Molothrus_badius,3100,Y,N,N,Y
Momotus_momota,1200,N,N,N,Y
Monticola_gularis,1600,Y,N,N,Y
Montifringilla_adamsi,5200,M,M,N,Y
Montifringilla_nivalis,5300,N,M,N,Y
Montifringilla_ruficollis,5000,N,M,N,Y
Montifringilla_taczanowskii,5100,N,M,N,Y
Morus_serrator,1000,Y,N,Y,Y
Motacilla_alba,5000,Y,N,N,Y
Motacilla_cinerea,4100,Y,N,N,Y
Motacilla_lugens,,,,,
Mullerornis_agilis,1000,N,N,N,N
Myadestes_myadestinus,1300,N,N,N,Y
Myiopsitta_monachus,1000,N,N,N,Y
Nannopterum_brasilianus,,,,,
Napothera_epilepidota,2100,N,N,N,Y
Neophema_chrysogaster,1000,Y,N,N,Y
Nesopsar_nigerrimus,2200,N,N,N,Y
Nestor_notabilis,2000,N,N,N,Y
Netta_rufina,4200,Y,M,Y,Y
Niltava_davidi,1700,M,M,N,Y
Ninox_novaeseelandiae,1000,N,N,N,Y
Ninox_scutulata,1700,N,N,N,Y
Ninox_strenua,1700,N,N,N,Y
Nipponia_nippon,1300,M,N,N,Y
Nisaetus_alboniger,4000,M,M,N,Y
Nisaetus_nipalensis,700,N,N,N,Y
Notiomystis_cincta,300,N,N,N,Y
Nucifraga_columbiana,3800,M,M,N,Y
Numenius_phaeopus,3600,Y,N,N,Y
Numida_meleagris,3000,N,N,N,Y
Nyctibius_grandis,1000,N,N,N,Y
Nyctibius_griseus,2000,N,N,N,Y
Nycticorax_nycticorax,4800,M,N,N,Y
Nycticryphes_semicollaris,2000,N,N,N,Y
Nyctyornis_amictus,1500,N,N,N,Y
Nymphicus_hollandicus,2000,M,N,N,Y
Oedistoma_iliolophum,1750,N,N,N,Y
Oporornis_tolmiei,3000,Y,N,N,Y
Oreomystis_bairdi,2000,N,N,N,Y
Oreopsar_bolivianus,3500,N,N,N,Y
Oreotrochilus_melanogaster,4400,M,N,N,Y
Oriolus_chinensis,1600,M,N,N,Y
Orthopsittaca_manilata,600,M,N,N,Y
Otidiphaps_nobilis,1900,N,N,N,Y
Otis_tarda,1000,M,N,N,Y
Otus_bakkamoena,2400,N,N,N,Y
Otus_scops,2000,M,N,N,Y
Padda_oryzivora,1500,N,N,N,Y
Pandion_haliaetus,,,,,
Paradoxornis_fulvifrons,4570,N,N,N,Y
Paradoxornis_gularis,1850,N,N,N,Y
Paradoxornis_nipalensis,3300,N,N,N,Y
Paradoxornis_webbianus,2000,N,N,N,Y
Paroreomyza_montana,3500,N,N,N,Y
Parus_major,4450,M,M,N,Y
Parus_monticolus,4000,N,N,N,Y
Parus_venustulus,3000,N,N,N,Y
Passer_ammodendri,1000,N,M,N,Y
Passer_domesticus,4600,N,M,N,Y
Passer_montanus,4400,M,M,N,Y
Passerina_amoena,3000,Y,N,N,Y
Patagioenas_fasciata,3000,M,M,N,Y
Pavo_cristatus,2000,N,N,N,Y
Pavo_muticus,2000,N,N,N,Y
Pedionomus_torquatus,1000,N,N,N,Y
Pelagodroma_marina,,,,,
Pelecanus_conspicillatus,,,,,
Pelecanus_occidentalis,,,,,
Penelopides_panini,1500,N,N,N,Y
Perdix_dauurica,3400,N,M,N,Y
Perdix_hodgsoniae,5600,N,M,N,Y
Perdix_perdix,2600,N,M,N,Y
Pericrocotus_ethologus,3700,M,N,N,Y
Periparus_ater,4550,M,Y,N,Y
Petroica_australis,1000,N,N,N,Y
Petroica_boodang,1000,M,N,N,Y
Petroica_goodenovii,1000,M,N,,
Petroica_macrocephala,1000,N,N,N,Y
Petroica_phoenicea,1800,M,N,N,Y
Pezophaps_solitaria,1000,N,N,N,N
Phaethon_lepturus,,,,,
Phaethon_rubricauda,,,,,
Phaethornis_malaris,1650,M,N,N,Y
Phalacrocorax_carbo,1000,M,N,Y,Y
Phalacrocorax_chalconotus,1000,N,N,Y,Y
Phalcoboenus_australis,500,N,N,N,Y
Pharomachrus_auriceps,3100,M,N,N,Y
Phasianus_colchicus,3500,M,M,N,Y
Phasianus_versicolor,1100,N,M,N,Y
Pheucticus_melanocephalus,3000,M,N,N,Y
Philesturnus_carunculatus,1000,N,N,N,Y
Phodilus_badius,1800,N,N,N,Y
Phoebastria_albatrus,,,,,
Phoebastria_immutabilis,,,,,
Phoebastria_nigripes,,,,,
Phoenicopterus_roseus,,,,,
Phoenicopterus_ruber,,,,,
Phoeniculus_purpureus,2000,N,N,N,Y
Phoenicurus_auroreus,3700,Y,N,N,Y
Phylloscopus_inornatus,2450,Y,N,N,Y
Pica_pica,4800,N,Y,N,Y
Picathartes_gymnocephalus,1000,N,N,N,Y
Picoides_pubescens,2750,N,Y,N,Y
Picumnus_innominatus,3000,N,N,N,Y
Pinguinus_impennis,1000,M,M,Y,N
Pinicola_enucleator,3100,M,Y,N,Y
Pionites_leucogaster,1000,M,N,N,Y
Pionus_chalcopterus,2800,M,N,N,Y
Pionus_menstruus,1600,M,N,N,Y
Pipile_pipile,1800,N,N,N,Y
Pipilo_maculatus,3300,M,M,N,Y
Piranga_ludoviciana,3050,Y,N,N,Y
Pitta_nympha,1300,Y,N,N,Y
Platalea_leucorodia,,,,,
Platalea_minor,,,,,
Pluvialis_fulva,2500,Y,N,N,Y
Pluvianellus_socialis,1200,M,N,N,Y
Podiceps_cristatus,3000,Y,N,N,Y
Podoces_hendersoni,3800,N,M,N,Y
Poecile_atricapilla,3200,N,Y,N,Y
Poecile_montanus,3900,N,Y,N,Y
Poecile_palustris,2100,N,M,N,Y
Pogoniulus_bilineatus,1700,N,N,N,Y
Poicephalus_gulielmi,3200,N,N,N,Y
Polyplectron_bicalcaratum,2000,M,N,N,Y
Polyplectron_germaini,1800,N,N,N,Y
Polyplectron_napoleonis,1500,M,N,N,Y
Pomatorhinus_ruficollis,3400,N,N,N,Y
Poospiza_cabanisi,500,N,N,N,Y
Poospiza_lateralis,1800,N,N,N,Y
Poospiza_thoracica,1500,N,N,N,Y
Porphyrio_hochstetteri,1500,N,M,N,N
Porphyrio_porphyrio,2500,M,N,M,Y
Porzana_fusca,2000,M,N,N,Y
Porzana_paykullii,1000,Y,N,N,Y
Porzana_pusilla,2500,M,N,N,Y
Primolius_couloni,1500,M,N,N,Y
Primolius_maracana,1000,N,N,N,Y
Prioniturus_luconensis,700,M,N,N,Y
Probosciger_aterrimus,1300,N,N,N,Y
Procellaria_cinerea,,,,,
Prodotiscus_insignis,2200,N,N,N,Y
Progne_chalybea,2000,M,N,N,Y
Prosthemadera_novaeseelandiae,1500,N,N,N,Y
Prunella_fulvescens,5100,N,M,N,Y
Prunella_montanella,1000,Y,N,N,Y
Prunella_strophiata,4300,N,M,N,Y
Psephotellus_pulcherrimus,1000,N,N,N,Y
Pseudoleistes_guirahuro,1400,N,N,N,Y
Pseudoleistes_virescens,2100,M,N,N,Y
Pseudonestor_xanthophrys,2400,N,N,N,Y
Pseudopodoces_humilis,5500,N,N,N,Y
Psittacara_acuticaudatus,3600,M,N,N,Y
Psittacara_brevipes,2600,M,N,N,Y
Psittacara_rubritorquis,2000,M,N,N,Y
Psittacus_erithacus,2000,N,N,N,Y
Psittirostra_psittacea,2000,M,N,N,Y
Psittrichas_fulgidus,2000,M,N,N,Y
Pterocles_gutturalis,2000,M,N,N,Y
Pterocles_namaqua,2000,M,N,N,Y
Pterocnemia_pennata,2000,N,N,N,N
Pterodroma_brevirostris,,,,,
Pteroglossus_azara,1400,N,N,N,Y
Ptilopachus_petrosus,1500,N,N,N,Y
Pucrasia_macrolopha,4000,N,M,N,Y
Pycnonotus_melanicterus,1200,N,N,N,Y
Pycnonotus_sinensis,500,M,N,N,Y
Pycnonotus_taivanus,500,N,N,N,Y
Pycnonotus_xanthorrhous,2300,N,N,N,Y
Pygoscelis_adeliae,500,M,Y,Y,N
Pygoscelis_antarcticus,500,M,Y,Y,N
Pygoscelis_papua,500,M,M,Y,N
Pyrgilauda_blanfordi,5500,N,M,N,Y
Pyrgilauda_davidiana,3000,N,M,N,Y
Pyrrhocorax_graculus,8200,N,M,N,Y
Pyrrhocorax_pyrrhocorax,7900,N,M,N,Y
Pyrrhula_pyrrhula,3000,M,Y,N,Y
Pyrrhura_rupicola,1000,M,N,N,Y
Quiscalus_quiscula,1000,M,N,N,Y
Rallina_eurizonoides,1600,M,N,N,Y
Raphus_cucullatus,1000,N,N,N,N
Recurvirostra_avosetta,,,,,
Regulus_calendula,3000,Y,N,N,Y
Regulus_regulus,4000,M,Y,N,Y
Remiz_consobrinus,1000,Y,N,N,Y
Rhea_americana,1000,N,N,N,Y
Rhinopomastus_cyanomelas,1100,M,N,N,Y
Rhipidura_fuliginosa,1500,M,N,N,Y
Rhizothera_longirostris,1500,N,N,N,Y
Rhynchopsitta_terrisi,3500,M,N,N,Y
Rhynchortyx_cinctus,1400,N,N,N,Y
Rhynochetos_jubatus,1400,N,N,N,Y
Rhyticeros_undulatus,2500,N,N,N,Y
Rissa_tridactyla,,,,,
Rynchops_niger,,,,,
Sagittarius_serpentarius,3100,M,N,N,Y
Sarothrura_ayresi,1900,M,N,N,Y
Sasia_ochracea,2600,N,N,N,Y
Saundersilarus_saundersi,,,,,
Saxicola_rubicola,,,,,
Saxicola_torquata,3000,M,N,N,Y
Sceloglaux_albifacies,2000,N,N,N,Y
Schoeniclus_elegans,1000,M,N,N,Y
Schoeniclus_siemsseni,2100,M,N,N,Y
Scolopax_rusticola,2000,Y,N,N,Y
Scytalopus_magellanicus,3500,N,N,N,Y
Serinus_albogularis,1000,M,N,N,Y
Serinus_canaria,1700,N,N,N,Y
Serinus_dorsostriatus,,,,,
Sicalis_olivascens,3800,N,M,N,Y
Sitta_carolinensis,3500,M,M,N,Y
Smithornis_sharpei,1500,N,N,N,Y
Spheniscus_demersus,500,N,N,Y,N
Spheniscus_humboldti,500,N,N,Y,N
Spheniscus_magellanicus,500,N,N,Y,N
Spheniscus_mendiculus,500,N,N,Y,N
Spilornis_cheela,,,,,
Spizaetus_alboniger,,,,,
Spizaetus_nipalensis,,,,,
Spizella_atrogularis,2500,N,N,N,Y
Spizixos_semitorques,1500,N,N,N,Y
Sporophila_maximiliani,1000,N,N,N,Y
Stachyris_ruficeps,3200,N,N,N,Y
Stercorarius_maccormicki,,,,,
Sterna_eurygnatha,,,,,
Sterna_hirundo,,,,,
Sternula_albifrons,,,,,
Streptopelia_chinensis,1000,N,N,N,Y
Streptopelia_decaocto,3000,M,M,N,Y
Streptopelia_orientalis,4000,M,M,N,Y
Strigops_habroptilus,2000,N,N,N,N
Strix_leptogrammica,2700,N,N,N,Y
Strix_occidentalis,2700,M,M,N,Y
Strix_uralensis,5000,N,Y,N,Y
Strix_varia,2500,N,Y,N,Y
Struthio_camelus,500,N,N,N,N
Sturnella_neglecta,2200,M,M,N,Y
Sturnus_cineraceus,1300,M,N,N,Y
Sturnus_nigricollis,2000,N,N,N,Y
Sturnus_sericeus,1000,M,N,N,Y
Sturnus_tristis,3000,M,N,N,Y
Sturnus_vulgaris,2500,Y,N,N,Y
Sula_dactylatra,1000,Y,N,Y,Y
Sylvia_atricapilla,2200,Y,N,N,Y
Sylvia_crassirostris,2000,Y,N,N,Y
Sylviparus_modestus,3400,M,M,N,Y
Synthliboramphus_antiquus,1000,M,M,Y,Y
Synthliboramphus_wumizusume,1000,M,M,Y,Y
Syrmaticus_ellioti,1900,N,N,N,Y
Syrmaticus_humiae,3000,N,M,N,Y
Syrmaticus_reevesii,2600,N,N,N,Y
Syrmaticus_soemmerringi,1800,N,N,N,Y
Tachybaptus_novaehollandiae,3200,M,M,N,Y
Tachybaptus_ruficollis,4000,M,N,N,Y
Tachycineta_albilinea,1000,N,N,N,Y
Tachycineta_albiventer,500,M,N,N,Y
Tachycineta_bicolor,1000,Y,N,N,Y
Tachycineta_cyaneoviridis,1000,M,N,N,Y
Tachycineta_euchrysea,2000,N,N,N,Y
Tachycineta_leucorrhoa,1000,M,N,N,Y
Tachycineta_meyeni,1000,M,N,N,Y
Tachycineta_stolzmanni,1000,N,N,N,Y
Tachycineta_thalassina,4000,Y,N,N,Y
Tadorna_ferruginea,4650,Y,M,N,Y
Tadorna_tadorna,2400,Y,M,N,Y
Taeniopygia_guttata,2300,M,N,N,Y
Tanygnathus_lucionensis,1000,N,N,N,Y
Terpsiphone_atrocaudata,1000,Y,N,N,Y
Tetraogallus_himalayensis,6000,N,Y,N,Y
Tetraogallus_tibetanus,5800,N,Y,N,Y
Tetraophasis_obscurus,4500,N,M,N,Y
Tetraophasis_szechenyii,4800,N,M,N,Y
Tetrastes_bonasia,,,,,
Tetrastes_sewerzowi,4300,N,M,N,Y
Thalassarche_melanophris,,,,,
Thalassarche_melanophrys,,,,,
Thamnophilus_nigrocinereus,1000,N,N,N,Y
Thraupis_episcopus,2000,N,N,N,Y
Threskiornis_aethiopicus,,,,,
Tinamus_guttatus,500,N,N,N,N
Tinamus_major,1500,N,N,N,N
Tockus_camurus,800,N,N,N,Y
Todiramphus_sanctus,1000,M,N,Y,Y
Todus_angustirostris,3000,N,N,N,Y
Tragopan_caboti,2000,N,N,N,Y
Tragopan_temminckii,4200,N,M,N,Y
Traversia_lyalli,1000,N,N,N,Y
Tregellasia_capito,1500,N,N,N,Y
Tregellasia_leucops,2200,N,N,N,Y
Tringa_erythropus,4700,Y,N,N,Y
Tringa_glareola,1000,Y,N,N,Y
Tringa_ochropus,3200,Y,N,N,Y
Tringa_semipalmata,3400,M,N,N,Y
Trogon_personatus,3000,N,N,N,Y
Trogon_viridis,1300,N,N,N,Y
Trugon_terrestris,700,N,N,N,Y
Turdus_eunomus,3000,Y,N,N,Y
Turdus_hortulorum,1100,Y,N,N,Y
Turdus_merula,2000,M,N,N,Y
Turdus_migratorius,3500,M,N,N,Y
Turdus_naumanni,1000,Y,N,N,Y
Turdus_philomelos,2700,Y,N,N,Y
Turdus_rufiventris,2600,N,N,N,Y
Turnagra_capensis,2000,M,N,N,Y
Turnix_sylvatica,2200,M,N,N,Y
Turtur_tympanistria,3000,N,N,N,Y
Tyto_alba,4000,M,M,N,Y
Tyto_longimembris,2500,M,N,N,Y
Upupa_epops,4600,M,N,N,Y
Uragus_sibiricus,3400,M,M,N,Y
Urocissa_caerulea,1200,N,N,N,Y
Urocissa_erythrorhyncha,2200,N,N,N,Y
Vanellus_cinereus,1600,Y,N,N,Y
Vanellus_vanellus,5000,N,N,N,Y
Vermivora_celata,1000,Y,N,N,Y
Vestiaria_coccinea,2900,M,N,N,Y
Vidua_chalybeata,2000,N,N,N,Y
Vireo_olivaceus,1500,M,N,N,Y
Xanthopsar_flavus,1000,N,N,N,Y
Xenicus_gilviventris,2900,N,N,N,Y
Xenus_cinereus,3000,Y,N,N,Y
Yuhina_diademata,2700,N,N,N,Y
Zenaida_auriculata,3500,M,N,N,Y
Zenaida_macroura,2500,M,M,N,Y
Zonotrichia_leucophrys,2500,Y,N,N,Y
Zoothera_aurea,2800,Y,N,N,Y
Zosterops_abyssinicus,3100,N,N,N,Y
Zosterops_erythropleurus,2500,Y,N,N,Y
Zosterops_lateralis,1000,M,N,N,Y
Zosterops_poliogastrus,3400,N,N,N,Y
Zosterops_senegalensis,3400,N,N,N,Y