#,Species,Order,Family,Mass (g),BMR (kJ/h),Time,Food,Climate,Habitat,Torpor,Migration,Islands,Mountains,Flightless,Reference,TemperatePolar1_Tropical2_Both3,Passerines1,log_Mass,log_BMR
1,Struthio camelus,Struthioniformes,Struthionidae,92400,"209,66",N,O,TR,G,O,O,O,O,+,Withers 1983,2,2,"4,965671971","3,701726823"
2,Dromaius novaehollandiae,Casuariiformes,Dromaiidae,38900,"126,04",N,O,T,G,O,O,O,O,+,Maloney & Dawson 1994,1,2,"4,589949601","3,480719636"
3,Apteryx owenii,Apterygiformes,Apterygidae,1377,"14,21",D,I,T,F,O,O,L,O,+,McNab 1996,1,2,"3,13893394","2,53280532"
4,Apteryx haastii,Apterygiformes,Apterygidae,2529,"19,02",D,I,T,F,O,O,L,O,+,McNab 1996,1,2,"3,402948829","2,659421754"
5,Apteryx australis,Apterygiformes,Apterygidae,3137,"16,6",D,I,T,F,O,O,L,O,+,McNab 1996,1,2,"3,496514519","2,60031933"
6,Nothoprocta perdicaria,Tinamiformes,Tinamidae,458,"6,35",D,S,T,G,O,O,O,+,O,Withers et al. 1987,1,2,"2,660865478","2,182984967"
7,Callipepla gambelii,Galliformes,Odontophoridae,"126,1","2,72",N,S,T,D,O,O,O,O,O,Weathers 1981,1,2,"2,100715087","1,814780146"
8,Callipepla californica,Galliformes,Odontophoridae,"137,1","2,76",N,S/L,T,G,O,O,O,O,O,Hudson & Brush 1964,1,2,"2,137037455","1,821120324"
9,Lagopus leucurus,Phasianidae,Tetraoninae,326,"8,5",N,L,T,A,O,O,O,+,O,Johnson 1968,1,2,"2,5132176","2,309630167"
10,Lagopus mutus,Phasianidae,Tetraoninae,465,"9,86",N,L,P,T,O,O,O,+,O,Mortensen & Blix 1986,1,2,"2,667452953","2,374088157"
11,Lagopus lagopus,Phasianidae,Tetraoninae,658,"10,1",N,L,P,T,O,O,O,+,O,Mortensen & Blix 1986,1,2,"2,818225894","2,384532615"
12,Dendrogapus obscurus,Phasianidae,Tetraoninae,1131,"17,85",N,L,T,F,O,O,O,+,O,Pekins et al. 1992,1,2,"3,053462605","2,631849462"
13,Tetrao urogallus,Phasianidae,Tetraoninae,3900,"42,92",N,L,T,F,O,O,O,O,O,Kendeigh et al. 1977,1,2,"3,591064607","3,012870955"
14,Coturnix chinensis,Phasianidae,Perdicinae,"44,9","1,32",N,S,TR,G,O,O,O,O,O,Roberts & Baudinette 1986,2,2,"1,652246341","1,500785173"
15,Coturnix pectoralis,Phasianidae,Perdicinae,"95,8","2,29",N,S,T,G,O,O,O,O,O,Roberts & Baudinette 1986,1,2,"1,981365509","1,740046724"
16,Coturnix coturnix,Phasianidae,Perdicinae,97,"3,21",N,S,T,G,O,+,O,O,O,Kendeigh et al. 1977,1,2,"1,986771734","1,886716274"
17,Coturnix japonica,Phasianidae,Perdicinae,115,"3,52",N,S,T,G,O,+,O,O,O,Prinzinger & Hänssler 1980,1,2,"2,06069784","1,926753905"
18,Alectoris chukar,Phasianidae,Perdicinae,475,"7,06",D?,S,T,G,O,O,O,O,O,Marder & Bernstein 1983,1,2,"2,67669361","2,229015943"
19,Perdix perdix,Phasianidae,Perdicinae,501,"7,75",N,S/L,T,G,O,O,O,O,O,Kendeigh et al. 1977,1,2,"2,699837726","2,269512944"
20,Alectoris graeca,Phasianidae,Perdicinae,633,"9,12",N,S,T,G,O,O,O,+,O,Kendeigh et al. 1977,1,2,"2,80140371","2,34020608"
21,Branta bernicula,Anseriformes,Anatidae,1253,"21,82",N,G,T,W,O,+,O,O,O,Daan et al. 1990,1,2,"3,097951071","2,719065988"
22,Anser canagicus,Anseriformes,Anatidae,2609,"32,25",N,G,P,T,O,+,O,O,O,Gavrilov & Dolnik 1985,1,2,"3,416474079","2,888740961"
23,Chen caerulescens,Anseriformes,Anatidae,2930,"27,9",D?,G,P,T,O,+,O,O,O,Boisemena et al. 1992,1,2,"3,46686762","2,825815445"
24,Anser anser,Anseriformes,Anatidae,3250,"39,01",N,G,T,W,O,+,O,O,O,Kendeigh et al. 1977,1,2,"3,511883361","2,971387192"
25,Cygnus olor,Anseriformes,Anatidae,8538,"112,12",D,AV,T,W,O,+,O,O,O,Bech 1980,1,2,"3,93135615","3,429894331"
26,Hymenolaimus malacorhynchos,Anseriformes,Anatidae,"717,1","11,31",D/N,AI,T,W,O,O,L,+,O,McNab 2003,1,2,"2,855579723","2,433673847"
27,Tadorna variegata,Anseriformes,Anatidae,"1193,6","12,04",N,G,T,G,O,O,L,O,O,McNab 2003,1,2,"3,07685881","2,460837729"
28,Anas crecca,Anseriformes,Anatidae,250,6,N,AV,T,L,O,+,O,O,O,Prinzinger & Hänssler1980,1,2,"2,397940009","2,158362492"
29,Anas querquedula,Anseriformes,Anatidae,289,"8,04",N,O,T,W,O,+,O,O,O,Prinzinger & Hänssler1980,1,2,"2,460897843","2,28546729"
30,Anas nesiotis,Anseriformes,Anatidae,"371,1","5,94",D/N,AI,T,W,O,O,S,O,+,McNab 2003,1,2,"2,569490954","2,153997687"
31,Anas aucklandica,Anseriformes,Anatidae,"373,1","6,75",D/N,AI,T,W,O,O,S,O,+,McNab 2003,1,2,"2,571825249","2,209515015"
32,Anas gracilis,Anseriformes,Anatidae,"393,7","11,98",D/N,AV,T,W,O,O,O,O,O,McNab 2003,1,2,"2,595165415","2,45866806"
33,Lophodytes cucullatus,Anseriformes,Anatidae,"413,3","7,03",D/N,V/AI,T,L,O,+,O,O,O,McNab 2003,1,2,"2,616265405","2,227166567"
34,Aythya nyroca,Anseriformes,Anatidae,440,"11,78",N,AV,T,W,O,+,O,O,O,Prinzinger & Hänssler 1980,1,2,"2,643452676","2,451356532"
35,Aix sponsa,Anseriformes,Anatidae,448,"8,09",N,AV,T,W,O,+,O,O,O,Kendeigh et al. 1977,1,2,"2,651278014","2,288159763"
36,Anas castanea,Anseriformes,Anatidae,"483,3","6,86",D,O,T,W,O,O,O,O,O,McNab 2003,1,2,"2,684216795","2,216535357"
37,Aythya novaeseelandiae,Anseriformes,Anatidae,"488,4","8,4",D/N,AI,T,L,O,O,L,O,O,McNab 2003,1,2,"2,688775655","2,304490528"
38,Anas rhynchotis,Anseriformes,Anatidae,508,"9,47",D,AI,T,W,O,O,O,O,O,McNab 2003,1,2,"2,705863712","2,356561221"
39,Anas chlorotis,Anseriformes,Anatidae,"528,8","8,35",D/N,AI,T,W,O,O,L,O,O,McNab 2003,1,2,"2,723291446","2,301897717"
40,Anas clypeata,Anseriformes,Anatidae,554,"13,96",N,AI,T,W,O,+,O,O,O,Prinzinger & Hänssler 1980,1,2,"2,743509765","2,52509666"
41,Aythya afﬁnus,Anseriformes,Anatidae,"561,5","10,33",N,O,T,L,O,+,O,O,O,McNab 2003,1,2,"2,749349761","2,394311563"
42,Aythya fuligula,Anseriformes,Anatidae,574,"9,73",N,AV,T,L,O,O,O,O,O,Prinzinger & Hänssler 1980,1,2,"2,758911892","2,368324082"
43,Aythya collaris,Anseriformes,Anatidae,"681,5","11,84",N,O,T,W,O,+,O,O,O,McNab 2003,1,2,"2,83346586","2,453562944"
44,Anas acuta,Anseriformes,Anatidae,721,"15,71",N,AV,T,W,O,+,O,O,O,Prinzinger & Hänssler 1980,1,2,"2,857935265","2,576387427"
45,Anas penelope,Anseriformes,Anatidae,723,"10,15",N,AV,T,W,O,+,O,O,O,Kendeigh et al. 1977,1,2,"2,859138297","2,386677284"
46,Anas strepera,Anseriformes,Anatidae,791,"22,33",N,AV,T,W,O,+,O,O,O,Prinzinger & Hänssler 1980,1,2,"2,898176483","2,729099965"
47,Aythya ferina,Anseriformes,Anatidae,816,"20,94",N,AV,T,W,O,+/O,O,O,O,Prinzinger & Hänssler 1980,1,2,"2,911690159","2,701187919"
48,Anas platyrhynchos,Anseriformes,Anatidae,1020,"14,64",N,O,T,W,O,+,O,O,O,Kendeigh et al. 1977,1,2,"3,008600172","2,545752318"
49,Netta ruﬁna,Anseriformes,Anatidae,1237,"25,56",N,AV,T,L,O,+,O,O,O,Prinzinger & Hänssler 1980,1,2,"3,0923697","2,787772091"
50,Somateria mollissima,Anseriformes,Anatidae,1660,"21,99",D,AI,P,M,O,+,O,O,O,Jenssen et al. 1989,1,2,"3,220108088","2,722436471"
51,Eudyptula minor,Sphenisciformes,Spheniscidae,1100,"11,49",N,V,T,M,O,O,O,O,+,Baudinette et al. 1986,1,2,"3,041392685","2,44053127"
52,Eudyptes chrysocome,Sphenisciformes,Spheniscidae,2330,21,?,AI,P,M,O,+,O,O,+,Gavrilov 1977; Brown 1984,1,2,"3,367355921","2,702430536"
53,Eudyptes pachyrhynchus,Sphenisciformes,Spheniscidae,2600,"24,92",N,AI,T,M,O,+,O,O,+,Drent & Stonehouse 1971,1,2,"3,414973348","2,77675928"
54,Eudyptes chrysolophus,Sphenisciformes,Spheniscidae,3870,"31,13",?,AI,T,P,O,+,O,O,+,Gavrilov 1977; Brown 1984,1,2,"3,587710965","2,873390362"
55,Spheniscus humboldti,Sphenisciformes,Spheniscidae,3870,"34,14",N,V,T,M,O,+,O,O,+,Drent & Stonehouse 1971,1,2,"3,587710965","2,913474758"
56,Pygoscelis adeliae,Sphenisciformes,Spheniscidae,3970,"44,04",D?,AI,P,M,O,+,O,O,+,Kooyman et al. 1976,1,2,"3,598790507","3,024058552"
57,Megadyptes antipodes,Sphenisciformes,Spheniscidae,4800,"41,45",N,V,T,M,O,O,O,O,+,Drent & Stonehouse 1971,1,2,"3,681241237","2,997735777"
58,Aptenodytes patagonicus,Sphenisciformes,Spheniscidae,11080,"78,67",?,V,P,P,O,O,O,O,+,Gavrilov 1977,1,2,"4,04453976","3,276020392"
59,Aptenodytes forsteri,Sphenisciformes,Spheniscidae,23370,"154,19",D,V,P,P,O,+,O,O,+,Pinshow et al. 1976,1,2,"4,368658712","3,56826745"
60,Phoebetria fusca,Procellariiformes,Diomedeidae,2875,"29,79",N,AI,T,P,O,+,O,O,O,Adams & Brown 1984,1,2,"3,458637849","2,854281745"
61,Diomedea chrysostoma,Procellariiformes,Diomedeidae,3753,"30,63",N,AI,T,P,O,+,O,O,O,Adams & Brown 1984,1,2,"3,574378564","2,866358239"
62,Diomedea exulans,Procellariiformes,Diomedeidae,8130,"73,17",N,AI,T,P,O,+,O,O,O,Brown & Adams 1984,1,2,"3,910090546","3,244544297"
63,Halobaena caerulea,Procellariiformes,Procellariidae,191,"6,38",N,AI,T,P,O,O,O,O,O,Brown 1988,1,2,"2,281033367","2,18503192"
64,Pterodroma mollis,Procellariiformes,Procellariidae,274,"6,29",N,AI,T,P,O,+,O,O,O,Adams & Brown 1984,1,2,"2,437750563","2,178861887"
65,Pterodroma brevirostris,Procellariiformes,Procellariidae,315,"6,38",N,AI,T,P,O,+,O,O,O,Brown & Adams 1984,1,2,"2,498310554","2,18503192"
66,Pufﬁnus pufﬁnus,Procellariiformes,Procellariidae,367,"8,38",N,V,T,M,O,+,O,O,O,Bryant & Furness 1995,1,2,"2,564666064","2,30345526"
67,Pterodroma macroptera,Procellariiformes,Procellariidae,479,"9,71",N,AI,T,P,O,+,O,O,O,Brown 1988,1,2,"2,680335513","2,367430472"
68,Fulmarus glacialis,Procellariiformes,Procellariidae,728,"13,75",N,AI,P,M,O,+,O,O,O,Bryant & Furness 1995,1,2,"2,862131379","2,51851394"
69,Procellaria cinerea,Procellariiformes,Procellariidae,1014,"18,04",N,AI,T,P,O,+,O,O,O,Brown & Adams 1984,1,2,"3,006037955","2,636447775"
70,Procellaria aequinoctialis,Procellariiformes,Procellariidae,1287,"22,71",N,AI,T,P,O,+,O,O,O,Brown & Adams 1984,1,2,"3,109578547","2,736428376"
71,Macronectes giganteus,Procellariiformes,Procellariidae,4780,"48,08",N,V,P,M,O,+,O,O,O,Brown & Adams 1984,1,2,"3,679427897","3,062175701"
72,Oceanodroma furcata,Procellariiformes,Procellariidae,"44,6","1,59",N,AI,T,P,O,+,O,O,O,Vleck & Kenagy 1980,1,2,"1,649334859","1,581608366"
73,Podiceps nigricollis,Podicipediformes,Podicipedidae,317,"7,71",D/N,AI,T,W,O,+,O,O,O,Ellis & Jehl 2003,1,2,"2,501059262","2,26726562"
74,Egretta caerulea,Ciconiiformes,Ardeidae,"290,3","3,59",D,AI,T/TR,W,O,+,O,O,O,Ellis 1980,3,2,"2,462847036","1,93530569"
75,Bebulcus ibis,Ciconiiformes,Ardeidae,"299,2","4,74",D,O,T/TR,W/O,O,+,O,O,O,Ellis 1980,3,2,"2,475961589","2,055989583"
76,Egretta tricolor,Ciconiiformes,Ardeidae,309,"6,12",D,V,T/TR,W,O,+,O,O,O,Ellis 1980,3,2,"2,489958479","2,166962664"
77,Egretta thula,Ciconiiformes,Ardeidae,314,"4,89",D,V/AI,T/TR,W,O,+,O,O,O,Ellis 1980,3,2,"2,496929648","2,069520101"
78,Morus bassanus,Pelecaniformes,Sulidae,2574,"44,96",N,V,T,M,O,+,O,O,O,Bryant & Furness 1995,1,2,"3,410608543","3,033037544"
79,Phalacrocorax auritus,Pelecaniformes,Phalacrocoracidae,1330,"19,77",N,V,T,M/L,O,+,O,O,O,Hennemann 1983,1,2,"3,123851641","2,676217911"
80,Phalacrocorax aristotelis,Pelecaniformes,Phalacrocoracidae,1619,"30,79",N,V,T,M,O,O,O,O,O,Bryant & Furness 1995,1,2,"3,209246849","2,868620931"
81,Anhinga anhinga,Pelecaniformes,Anhingidae,1040,"11,49",N,V,TR,L/W,O,O,O,O,O,Hennemann 1983,2,2,"3,017033339","2,44053127"
82,Daptrius ater,Falconiformes,Falconidae,362,"4,32",N,O,TR,F,O,O,O,O,O,Wasser 1986,2,2,"2,558708571","2,015694989"
83,Falco sparverius,Falconiformes,Falconidae,116,"2,38",N,I,T,G,O,+/O,O,O,O,Wasser 1986,1,2,"2,064457989","1,756788199"
84,Falco tinnunculus,Falconiformes,Falconidae,131,"2,79",N,V,T,G,O,+/O,O,O,O,Gavrilov & Dol’nik 1985,1,2,"2,117271296","1,825815445"
85,Falco subbuteo,Falconiformes,Falconidae,208,"4,67",N,I,T,F,O,+,O,O,O,Kendeigh et al. 1977,1,2,"2,318063335","2,049528122"
86,Falco mexicanus,Falconiformes,Falconidae,430,"6,99",N,V,T,D,O,O,O,O,O,Wasser 1986,1,2,"2,633468456","2,224688417"
87,Pandion haliaetus,Falconiformes,Pandioninae,1495,"19,88",N,V,T,L/W,O,O,O,O,O,Wasser 1986,1,2,"3,174641193","2,678627622"
88,Accipiter striatus,Falconiformes,Accipitridae,83,"2,52",N,V,T,F,O,+,O,O,O,Wasser 1986,1,2,"1,919078092","1,781611782"
89,Accipiter nisus,Falconiformes,Accipitridae,135,"3,42",N,V,T,F,O,+,O,O,O,Kendeigh et al. 1977,1,2,"2,130333768","1,914237348"
90,Ictinia mississippiensis,Falconiformes,Accipitridae,232,"3,29",N,FI,T,F,O,+,O,O,O,Wasser 1986,1,2,"2,365487985","1,89740714"
91,Accipiter cooperi,Falconiformes,Accipitridae,452,"7,66",N,V,T,F,O,+/O,O,O,O,Wasser 1986,1,2,"2,655138435","2,264440011"
92,Parabuteo unicinctus,Falconiformes,Accipitridae,572,"5,07",N,V,TR,D,O,O,O,O,O,Wasser 1986,2,2,"2,757396029","2,085219201"
93,Pernis apivorus,Falconiformes,Accipitridae,652,"8,41",N,I,T,F,O,+,O,O,O,Kendeigh et al. 1977,1,2,"2,814247596","2,305007238"
94,Buteo lineatus,Falconiformes,Accipitridae,658,"7,6",N,V,T,F,O,O,O,O,O,Wasser 1986,1,2,"2,818225894","2,261024834"
95,Buteo buteo,Falconiformes,Accipitridae,1012,"13,52",N,V,T,G,O,+,O,O,O,Prinzinger & Hänssler 1980,1,2,"3,005180513","2,511187933"
96,Buteo jamaicensis,Falconiformes,Accipitridae,1475,"11,43",N,V,T,G,O,+,O,O,O,Wasser 1986,1,2,"3,16879202","2,438257472"
97,Aquila rapax,Falconiformes,Accipitridae,2398,"16,27",N,V,TR,G,O,O,O,O,O,Wasser 1986,2,2,"3,379849179","2,591598795"
98,Atlantisia rogersi,Gruiformes,Rallidae,"39,4","0,81",N,O,T,G,O,O,S,O,+,Ryan et al. 1989,1,2,"1,595496222","1,288696261"
99,Porzana cinerea,Gruiformes,Rallidae,"47,9","1,78",D/N,O,TR,W,O,O,O,O,O,McNab & Ellis 2006,2,2,"1,680335513","1,630631244"
100,Crex crex,Gruiformes,Rallidae,96,"2,83",N,O,T,G,O,+,O,O,O,Kendeigh et al. 1977,1,2,"1,982271233","1,831997677"
101,Gallirallus philippensis,Gruiformes,Rallidae,"171,7","3,51",D/N,O,TR,G,O,O,O,O,O,McNab & Ellis 2006,2,2,"2,234770295","1,925518358"
102,Gallirallus owstoni,Gruiformes,Rallidae,"198,8","3,3",D/N,O,TR,F,O,O,S,O,+,McNab & Ellis 2006,2,2,"2,29841638","1,898725182"
103,Gallinula ventralis,Gruiformes,Rallidae,"309,2","5,81",D/N,AV,T,W,O,O,O,O,O,McNab & Ellis 2006,1,2,"2,490239485","2,144387374"
104,Aramides cajanea,Gruiformes,Rallidae,"374,3","5,55",D/N,O,TR,F,O,O,O,O,O,McNab & Ellis 2006,2,2,"2,573219827","2,124504225"
105,Fulica atra,Gruiformes,Rallidae,412,"7,36",N,AV,T,L,O,+/O,O,O,O,Kendeigh et al. 1977,1,2,"2,614897216","2,247089056"
106,Gallinula tenebrosa,Gruiformes,Rallidae,"512,4","8,42",D/N,AV,T,W,O,O,O,O,O,McNab & Ellis 2006,1,2,"2,709609121","2,305523333"
107,Gallirallus australis,Gruiformes,Rallidae,"813,5","6,58",D/N,O,T,F,O,O,L,O,+,McNab & Ellis 2006,1,2,"2,910357557","2,198437135"
108,Amaurornis ineptus,Gruiformes,Rallidae,"856,6","4,83",N,O,TR,F,O,O,O,O,+,McNab & Ellis 2006,2,2,"2,93277807","2,064158372"
109,Porphyrio porphyrio,Gruiformes,Rallidae,"919,3","13,31",D/N,AV,TR,W,O,O,O,O,O,McNab & Ellis 2006,2,2,"2,96345726","2,504389297"
110,Gallinula mortierii,Gruiformes,Rallidae,"954,4","11,47",D/N,AV,T,G,O,O,O,O,+,McNab & Ellis 2006,1,2,"2,979730431","2,43977466"
111,Porphyrio hochstetteri,Gruiformes,Rallidae,"2758,3","24,79",D,G,T,A,O,O,L,+,+,McNab & Ellis 2006,1,2,"3,440641499","2,774487768"
112,Turnix suscitator,Gruiformes,Turnicidae,"58,1","1,39",N,S,TR,G,O,O,O,O,O,Prinzinger et al. 1993,2,2,"1,764176132","1,523226042"
113,Haematopus ostralegus,Charadriiformes,Haematopodidae,554,"10,48",N,AI,T,M/L,O,+,O,O,O,Kersten & Piersma 1987,1,2,"2,743509765","2,400572524"
114,Pluvialis apricaria,Charadriiformes,Charadriidae,151,"4,47",N,AI,P,T,O,+,O,O,O,Daan et al. 1990,1,2,"2,178976947","2,030518765"
115,Pluvialis squatorola,Charadriiformes,Charadriidae,226,"6,41",N,AI,P,T,O,+,O,O,O,Kersten & Piersma 1987,1,2,"2,354108439","2,187069271"
116,Charadrius dubius,Charadriiformes,Charadriidae,36,"1,5",N,AI,T,B,O,+,O,O,O,Kendeigh et al. 1977,1,2,"1,556302501","1,556302501"
117,Thinocorus rumicivorus,Charadriiformes,Charadriidae,"55,5","1,12",N,AI,T/TR,D,O,+,O,O,O,Ehlers & Morton 1982,3,2,"1,744292983","1,429429264"
118,Jacana jacana,Charadriiformes,Charadriidae,107,"3,62",N,AI,TR,W,O,O,O,O,O,Wiersma et al. 2007,2,2,"2,029383778","1,938919812"
119,Scolopax minor,Charadriiformes,Scolopacidae,"156,7","3,85",N,AI,T,F,O,+,O,O,O,Vander Haegen et al. 1994,1,2,"2,195068996","1,965671971"
120,Scolopax rusticola,Charadriiformes,Scolopacidae,430,"7,78",N,AI,T,F,O,+,O,O,O,Kendeigh et al. 1977,1,2,"2,633468456","2,271190839"
121,Arenaria interpres,Charadriiformes,Scolopacidae,90,"3,32",N,AI,P,T/B,O,+,O,O,O,Kersten & Piersma 1987,1,2,"1,954242509","1,901349325"
122,Calidris canutus,Charadriiformes,Scolopacidae,130,"3,17",N,AI,P,T/B,O,+,O,O,O,Piersma et al. 1995,1,2,"2,113943352","1,881270504"
123,Tringa ochropus,Charadriiformes,Scolopacidae,90,"3,32",N,AI,T,F,O,+,O,O,O,Prinzinger & Hä,1,2,"1,954242509","1,901349325"
124,Limosa lapponica,Charadriiformes,Scolopacidae,240,"5,47",N,AI,P,T,O,+,O,O,O,Daan et al. 1990,1,2,"2,380211242","2,118198568"
125,Rhodostethia rosea,Charadriiformes,Laridae,155,"3,83",N,AI,P,T,O,+,O,O,O,Gavrilov 1996,1,2,"2,190331698","1,963410016"
126,Rissa tridactyla,Charadriiformes,Laridae,305,"9,88",N,AI,P,B,O,+,O,O,O,Bryant & Furness 1995,1,2,"2,484299839","2,374968186"
127,Larus ridibundus,Charadriiformes,Laridae,306,"6,7",N,AI,T,M/L,O,+,O,O,O,Kendeigh et al. 1977,1,2,"2,485721426","2,206286044"
128,Larus canus,Charadriiformes,Laridae,431,"8,1",N,AI,T,M,O,+,O,O,O,Kendeigh et al. 1977,1,2,"2,63447727","2,288696261"
129,Larus argentatus,Charadriiformes,Laridae,924,"17,83",N,O,T,M/L,O,+,O,O,O,Bryant & Furness 1995,1,2,"2,965671971","2,631362585"
130,Stercorarius parasiticus,Charadriiformes,Stercoraridae,351,"8,29",N,V,P,M,O,+,O,O,O,Bryant & Furness 1995,1,2,"2,545307116","2,298765772"
131,Sterocrarius skua,Charadriiformes,Stercoraridae,1159,"22,42",N,V,P,M,O,+,O,O,O,Bryant & Furness 1995,1,2,"3,064083436","2,73084685"
132,Alle alle,Charadriiformes,Alcidae,"152,5","7,4",D/N,AI,P,P,O,+,O,O,O,Gabrielsen et al. 1991,1,2,"2,183269844","2,249442961"
133,Fratercula arctica,Charadriiformes,Alcidae,329,"9,25",N,V,T,M,O,+,O,O,O,Bryant & Furness 1995,1,2,"2,517195898","2,346352974"
134,Cepphus grille,Charadriiformes,Alcidae,"342,2","10,92",D/N,AI,P,M,O,+,O,O,O,Gabrielsen et al. 1991,1,2,"2,534280005","2,41843388"
135,Alca torda,Charadriiformes,Alcidae,589,"12,96",N,V/I,T,M,O,+,O,O,O,Bryant & Furness 1995,1,2,"2,770115295","2,492816243"
136,Uria aalge,Charadriiformes,Alcidae,771,"16,25",N,V,T,M,O,+,O,O,O,Bryant & Furness 1995,1,2,"2,887054378","2,591064607"
137,Uria lomvia,Charadriiformes,Alcidae,819,"18,25",N,V/I,P,M,O,+,O,O,O,Bryant & Furness 1995,1,2,"2,913283902","2,641474111"
138,Pterocles orientalis,Pteroclidiformes,Pteroclididae,"386,4","7,01",N,S,T,G,O,O,O,O,O,Hinsley et al. 1993,1,2,"2,587037118","2,22592926"
139,Oena capensis,Columbiformes,Columbidae,36,"0,88",N,S,T/TR,G,O,+/O,O,O,O,Schleucher 2001,3,2,"1,556302501","1,324693914"
140,Geopelia cuneata,Columbiformes,Columbidae,39,"0,96",N,S,T/TR,G,+,O,O,O,O,Schleucher & Withers 2002,3,2,"1,591064607","1,362482475"
141,Columbina inca,Columbiformes,Columbidae,"41,5","0,94",D/N,D/N,T,F,O,O,O,O,O,MacMillen & Trost 1967,1,2,"1,618048097","1,353339095"
142,Columbina talpacoti,Columbiformes,Columbidae,"45,7","1,49",N,S,TR,B,O,O,O,O,O,Wiersma et al. 2007,2,2,"1,6599162","1,55339751"
143,Geopelia placida,Columbiformes,Columbidae,52,"1,28",N,S,T/TR,F,O,O,O,O,O,Schleucher & Withers 2002,3,2,"1,716003344","1,487421211"
144,Gallicolumba beccarii,Columbiformes,Columbidae,"68,8","1,92",N,F/S,TR,F,O,O,O,+,O,"McNab, pers, obs,",2,2,"1,837588438","1,66351247"
145,Geophaps plumifera,Columbiformes,Columbidae,81,"1,52",N,S,TR,G,O,O,O,O,O,Withers & Williams 1990,2,2,"1,908485019","1,56205483"
146,Zenaida macroura,Columbiformes,Columbidae,"91,4","2,33",N,S,T,G,O,+/O,O,O,O,Hudson & Brush 1964,1,2,"1,960946196","1,747567163"
147,Geotrygon montana,Columbiformes,Columbidae,"107,3","2,43",N,F/S,TR,F,O,O,O,O,O,Wiersma et al. 2007,2,2,"2,030599722","1,765817515"
148,Streptopelia senegalensis,Columbiformes,Columbidae,108,"3,05",N,S,TR,F,O,O,O,O,O,Kendeigh et al. 1977,2,2,"2,033423755","1,864511081"
149,Chalcophaps indica,Columbiformes,Columbidae,124,"2,85",N,S,TR,F,O,O,O,O,O,Schleucher & Withers 2002,2,2,"2,093421685","1,835056102"
150,Leptotila verreauxi,Columbiformes,Columbidae,131,"3,19",N,S,T,F,O,O,O,O,O,Vleck & Vleck 1979,1,2,"2,117271296","1,884001925"
151,Streptopelia turtur,Columbiformes,Columbidae,154,"4,1",N,S,T,F,O,+,O,O,O,Kendeigh et al. 1977,1,2,"2,187520721","1,992995098"
152,Streptopelia decaocto,Columbiformes,Columbidae,170,"3,42",N,S,T,B,O,O,O,O,O,Daan et al. 1990,1,2,"2,230448921","1,914237348"
153,Ocyphaps lophotes,Columbiformes,Columbidae,187,"3,91",N,S,T/TR,G,O,O,O,O,O,Schleucher & Withers 2002,3,2,"2,271841607","1,972387999"
154,Phaps elegans,Columbiformes,Columbidae,190,"4,46",N,S,T,F,O,O,O,O,O,Schleucher & Withers 2002,1,2,"2,278753601","2,0295461"
155,Geophaps smithii,Columbiformes,Columbidae,198,"3,14",N,S,TR,F,O,O,O,O,O,Schleucher & Withers 2002,2,2,"2,29666519","1,87714089"
156,Columba leucocephala,Columbiformes,Columbidae,"251,9","4,84",N,F,TR,F,O,O,I,O,O,McNab 2000,2,2,"2,401228167","2,065056603"
157,Phaps histrionica,Columbiformes,Columbidae,257,"4,67",N,S,T/TR,G,O,O,O,O,O,Schleucher & Withers 2002,3,2,"2,409933123","2,049528122"
158,Phaps chalcoptera,Columbiformes,Columbidae,304,"5,5",N,S,T,F,O,O,O,O,O,Schleucher & Withers 2002,1,2,"2,482873584","2,120573931"
159,Columba livia,Columbiformes,Columbidae,368,"5,97",N,S,T,B,O,O,O,O,O,Gavrilov & Dol’nik 1985,1,2,"2,565847819","2,156185573"
160,Columba leucomela,Columbiformes,Columbidae,456,"8,77",N,F/S,T/TR,F,O,O,O,O,O,Schleucher & Withers 2002,3,2,"2,658964843","2,323210835"
161,Columba vitiensis,Columbiformes,Columbidae,"467,9","5,2",N,F,TR,F,O,O,O,O,O,McNab 2000,2,2,"2,670153045","2,096214585"
162,Leucosarcia melanoleuca,Columbiformes,Columbidae,468,"6,02",N,F/S,T,F,O,O,O,O,O,McNab 2000,1,2,"2,670245853","2,159807733"
163,Caloenas nicobarica,Columbiformes,Columbidae,613,"6,53",N,N/F,TR,F,O,O,S,O,O,McNab 2000,2,2,"2,787460475","2,195124423"
164,Goura cristata,Columbiformes,Columbidae,"2313,4","15,36",N,F,TR,F,O,O,O,O,O,McNab 2000,2,2,"3,364250731","2,566602457"
165,Ptilinopus melanospila,Columbiformes,Columbidae,98,"1,76",N,F,TR,F,O,O,O,O,O,Schleucher & Withers 2002,2,2,"1,991226076","1,62572391"
166,Ptilinopus superbus,Columbiformes,Columbidae,"120,4","2,72",N,F,TR,F,O,O,O,O,O,Schleucher 2002,2,2,"2,080626487","1,814780146"
167,Ptilinopus perlatus,Columbiformes,Columbidae,196,"3,82",N,F,TR,F,O,O,O,O,O,McNab 2000,2,2,"2,292256071","1,962274605"
168,Drepanoptila holosericea,Columbiformes,Columbidae,198,"2,97",N,F,TR,F,,O,I,O,O,Schluecher 2002,2,2,"2,29666519","1,852967691"
169,Gymnophaps albertisii,Columbiformes,Columbidae,"241,6","3,4",N,F,TR,F,O,O,O,+,O,McNab 2000,2,2,"2,38309693","1,911690159"
170,Ducula pacifica,Columbiformes,Columbidae,"333,4","2,86",N,F,TR,F,O,O,S,O,O,McNab 2000,2,2,"2,522965595","1,836577275"
171,Ducula radiata,Columbiformes,Columbidae,"333,6","5,06",N,F,TR,F,O,O,O,O,O,McNab 2000,2,2,"2,523226042","2,084361759"
172,Ducula rufigaster,Columbiformes,Columbidae,"376,7","4,58",N,F,TR,F,O,O,O,O,O,McNab 2000,2,2,"2,57599562","2,04107672"
173,Ducula pistrinaria,Columbiformes,Columbidae,"394,2","3,86",N,F,TR,F,O,O,S,O,O,McNab 2000,2,2,"2,59571662","1,966798546"
174,Ducula rubricera,Columbiformes,Columbidae,"418,8","4,91",N,F,TR,F,O,O,O,O,O,McNab 2000,2,2,"2,622006673","2,071292734"
175,Hemiphaga novaeseelandiae,Columbiformes,Columbidae,"435,6","6,78",N,F/L,T,F,O,O,L,O,O,McNab 2000,1,2,"2,639087871","2,211440936"
176,Ducula spilorrhoa,Columbiformes,Columbidae,"453,6","4,94",N,F,TR,F,O,O,S,O,O,McNab 2000,2,2,"2,656673046","2,073938191"
177,Ducula zoeae,Columbiformes,Columbidae,"456,2","6,13",N,F,TR,F,O,O,O,O,O,McNab 2000,2,2,"2,659155281","2,167671716"
178,Ducula pinon,Columbiformes,Columbidae,"583,8","6,41",N,F,TR,F,O,O,O,O,O,McNab 2000,2,2,"2,766264091","2,187069271"
179,Nestor meridionalis,Columbiformes,Columbidae,"369,3","7,71",D,F/I,T,F,O,O,L,O,O,McNab & Salisbury 1995,1,2,"2,567379308","2,26726562"
180,Nestor notabilis,Columbiformes,Columbidae,"836,9","15,98",D/N,F/L,T,A,O,O,L,+,O,McNab & Salisbury 1995,1,2,"2,922673568","2,583788017"
181,Nymphicus hollandicus,Columbiformes,Columbidae,"85,6","2,48",N,S,T/TR,F,O,O,O,O,O,Kendeigh et al. 1997,3,2,"1,932473765","1,774662923"
182,Cacatua roseicapilla,Columbiformes,Columbidae,"268,7","4,5",N,S,T/TR,F/G,O,O,O,O,O,Williams et al. 1991,3,2,"2,429267666","2,033423755"
183,Calyptorhynchus banksii,Columbiformes,Columbidae,"535,3","10,68",N,N,TR,F,O,O,O,O,O,Williams et al. 1991,2,2,"2,728597243","2,408782494"
184,Cacatua tenuirostris,Columbiformes,Columbidae,"549,9","11,4",N,S,T,F/G,O,O,O,O,O,Williams et al. 1991,1,2,"2,74028372","2,437116093"
185,Cacatua galerita,Columbiformes,Columbidae,"776,1","12,3",N,S,T/TR,F,O,O,O,O,O,Williams et al. 1991,3,2,"2,889917683","2,470116353"
186,Trichoglossus haematodous,Psittaciformes,Psittacidae,"137,1","4,3",N,P,TR,F,O,O,O,O,O,Williams et al. 1991,2,2,"2,137037455","2,013679697"
187,Loriculus galgulus,Psittaciformes,Psittacidae,27,"1,86",N,F,TR,F,O,O,O,O,O,Prinzinger & Hänssler 1980,2,2,"1,431363764","1,649724186"
188,Melopsittacus undulatus,Psittaciformes,Psittacidae,"33,7","1,33",N,S,T/TR,F,O,O,O,O,O,Weathers & Schoenbaechler 1976,3,2,"1,527629901","1,504062883"
189,Neopsephotus bourkii,Psittaciformes,Psittacidae,40,"1,94",N,S,T,F/G,O,O,O,O,O,Prinzinger & Hänssler 1980,1,2,"1,602059991","1,668012972"
190,Neophema pulchella,Psittaciformes,Psittacidae,40,"2,09",N,F/S,T,F/G,O,O,O,O,O,Prinzinger & Hänssler 1980,1,2,"1,602059991","1,700357528"
191,Agapornis roseicollis,Psittaciformes,Psittacidae,"48,1","1,67",N,S,T,F,O,O,O,O,O,Kendeigh et al. 1977,1,2,"1,682145076","1,602927713"
192,Neophema petrophila,Psittaciformes,Psittacidae,"48,4","2,28",N,S,T,F/G,O,O,O,O,O,Williams et al. 1991,1,2,"1,684845362","1,738146089"
193,Cyanorhamphus auriceps,Psittaciformes,Psittacidae,"52,9","1,77",D/N,S/L,T,F,O,O,L,O,O,McNab & Salisbury 1995,1,2,"1,723455672","1,628184508"
194,Cyanorhamphus novaezelandiae,Psittaciformes,Psittacidae,"56,1","2,24",D/N,F/L,T,F,O,O,L,O,O,McNab & Salisbury 1995,1,2,"1,748962861","1,73045926"
195,Agapornis ﬁscheri,Psittaciformes,Psittacidae,"56,7","1,9",N,S,T,F/G,O,O,O,O,O,Gavrilov & Dol’nik 1985,1,2,"1,753583059","1,658964843"
196,Brotogeris jugularis,Psittaciformes,Psittacidae,"63,5","2,07",N,F/S,TR,G,O,O,O,O,O,Wiersma et al. 2007,2,2,"1,802773725","1,696181587"
197,Myiopsitta monachus,Psittaciformes,Psittacidae,"80,4","1,89",N,S,T,F/G,O,O,O,O,O,Weathers & Caccamise 1978,1,2,"1,905256049","1,656673046"
198,Cyanorhamphus unicolor,Psittaciformes,Psittacidae,"129,4","3,89",D/N,L,T,G,O,O,S,O,O,McNab & Salisbury 1995,1,2,"2,111934276","1,970160843"
199,Barnardius zonarius,Psittaciformes,Psittacidae,"131,8","2,85",N,F/S,T,F,O,O,O,O,O,Williams et al. 1991,1,2,"2,11991541","1,835056102"
200,Opisthocomus hoazin,Cuculiformes,Opisthocomidae,598,"5,76",D/N,L,TR,F,O,O,O,O,O,Grajal 1991,2,2,"2,776701184","2,140633725"
201,Cuculus canorus,Cuculiformes,Cuculidae,"111,6","3,02",N,I,T,F,O,+,O,O,O,Kendeigh et al. 1977,1,2,"2,047664195","1,860218185"
202,Eudynamys scolopacea,Cuculiformes,Cuculidae,188,"5,92",N,F,T/TR,F,O,+/O,O,O,O,Prinzinger & Hänssler 1980,3,2,"2,274157849","2,152532948"
203,Centropus senegalensis,Cuculiformes,Cuculidae,175,"5,43",N,I,TR,F/G,O,O,O,O,O,Prinzinger & Hänssler 1980,2,2,"2,243038049","2,115011071"
204,Geococcyx californicus,Cuculiformes,Cuculidae,"294,6","4,55",N,I/L,T,D,O,O,O,O,O,Ohmart & Lasiewski 1971,1,2,"2,469232743","2,038222638"
205,Tyto alba,Strigiformes,Tytonidae,"533,2","6,46",D,V,T/TR,G,O,O,O,O,O,Edwards 1987,3,2,"2,726890141","2,19044376"
206,Tyto tenebricosa,Strigiformes,Tytonidae,770,"10,36",D,V,TR,F,O,O,O,O,O,"McNab, pers, obs,",2,2,"2,886490725","2,395570997"
207,Otus scops,Strigiformes,Strigidae,"78,9","1,7",D,V,T,F,O,+,O,O,O,Gavrilov & Dol’nik 1985,1,2,"1,897077003","1,610660163"
208,Otus trichopsis,Strigiformes,Strigidae,"99,8","1,5",D,V,TR,F,O,O,O,O,O,Ligon 1969,2,2,"1,999130541","1,556302501"
209,Otus asio,Strigiformes,Strigidae,"165,5","2,16",D,V/I,T,F,O,O,O,O,O,Ligon 1969,1,2,"2,218797998","1,714664993"
210,Strix occidentalis,Strigiformes,Strigidae,571,"9,63",D,V,T,F,O,O,O,O,O,Ganey et al. 1993,1,2,"2,756636108","2,363837529"
211,Bubo virginianus,Strigiformes,Strigidae,1000,"15,62",D,V,T/TR,F,O,O,O,O,O,Ganey et al. 1993,3,2,3,"2,573892271"
212,Nyctea scandiaca,Strigiformes,Strigidae,2026,"11,84",D,V,P,T,O,+,O,O,O,Gessaman 1972,1,2,"3,306639441","2,453562944"
213,Micrathene whitneyi,Strigiformes,Strigidae,45,"0,91",D,V,T,D,O,+,O,O,O,Ligon 1968,1,2,"1,653212514","1,339252634"
214,Glaucidium gnoma,Strigiformes,Strigidae,52,"1,67",D,V,T/TR,F,O,O,O,+,O,Ligon 1969,3,2,"1,716003344","1,602927713"
215,Aegolius acadicus,Strigiformes,Strigidae,"118,1","2,25",D,V,T,F,O,+,O,O,O,Ligon 1969,1,2,"2,072249898","1,73239376"
216,Aegolius funereus,Strigiformes,Strigidae,130,"4,07",D,V,T,F,O,O,O,+,O,Hohtola et al. 1994,1,2,"2,113943352","1,989805651"
217,Athene cunicularia,Strigiformes,Strigidae,"146,7","2,8",D,V/I,T,G,O,+/O,O,O,O,Coulombe 1970,1,2,"2,166430114","1,827369273"
218,Ninox theomacha,Strigiformes,Strigidae,"151,4","3,77",D,I,TR,F,O,O,O,O,O,"McNab, pers, obs,",2,2,"2,180125875","1,956552592"
219,Uroglaux dimorpha,Strigiformes,Strigidae,"245,3","5,27",D,V/I,TR,F,O,O,O,O,O,"McNab, pers, obs,",2,2,"2,389697548","2,102021857"
220,Asio otus,Strigiformes,Asioninae,252,"3,43",D/N,V,T,F/G,O,+/O,O,O,O,Wijnandts 1984,1,2,"2,401400541","1,915505362"
221,Podargus ocellatus,Caprimulgiformes,Podargidae,145,"2,04",D,FI,TR,F,?,O,O,O,O,Lasiewski et al. 1970,2,2,"2,161368002","1,689841409"
222,Podargus papuensis,Caprimulgiformes,Podargidae,"314,6","3,85",D,FI,TR,F,?,O,O,O,O,McNab & Bonaccorso 1995,2,2,"2,497758718","1,965671971"
223,Podargus strigoides,Caprimulgiformes,Podargidae,"380,3","3,72",D,FI,T/TR,F,+,O,O,O,O,Bech & Nichol 1999,3,2,"2,580126325","1,950754182"
224,Chordeilus minor,Caprimulgiformes,Caprimulgidae,72,"1,59",D,FI,T,G,+,+,O,O,O,Lasiewski & Dawson 1964,1,2,"1,857332496","1,581608366"
225,Eurostopodus argus,Caprimulgiformes,Caprimulgidae,88,"1,47",D,FI,T/TR,F/G,?,O,O,O,O,Dawson & Fisher 1969,3,2,"1,944482672","1,547528576"
226,Eurostopodus mystacalis,Caprimulgiformes,Caprimulgidae,162,"1,73",D,FI,T/TR,F,?,+/O,O,O,O,McNab & Bonaccorso 1995,3,2,"2,209515015","1,618257345"
227,Phalaenoptilus nuttalli,Caprimulgiformes,Caprimulgidae,40,"0,64",D,FI,T,D,HIB,+/O,O,O,O,Bartholomew et al. 1962,1,2,"1,602059991","1,186391216"
228,Caprimulgus macrurus,Caprimulgiformes,Caprimulgidae,"68,6","1,12",D,FI,TR,F,?,O,O,O,O,McNab & Bonaccorso 1995,2,2,"1,836324116","1,429429264"
229,Collocalia esculenta,Apodiformes,Apodidae,"6,8","0,29",N,FI,TR,F,+,O,O,O,O,McNab & Bonaccorso 1995,2,2,"0,8325089127","0,8426092396"
230,Collocalia vanikorensis,Apodiformes,Apodidae,"11,6","0,43",N,FI,TR,F,?,O,O,O,O,McNab & Bonaccorso 1995,2,2,"1,064457989","1,013679697"
231,Apus apus,Apodiformes,Apodidae,"44,9","1,57",N,FI,T,D/G,+,+,O,O,O,Kendeigh et al. 1977,1,2,"1,652246341","1,576110894"
232,Sephanoides sephanoides,Apodiformes,Trochilidae,"5,7","0,37",N,P,T,F,(+),+,O,O,O,Lopez-Calleja & Bozinovic 1995,1,2,"0,7558748557","0,9484129658"
233,Oreotrochilus estella,Apodiformes,Trochilidae,"8,4","0,69",N,P,TR,A,+,O,O,O,O,Carpenter 1976,2,2,"0,9242792861","1,219060332"
234,Patagona gigas,Apodiformes,Trochilidae,"19,1","1,03",N,P,TR,G/A,+,+/O,O,+,O,Lasiewski et al. 1967,2,2,"1,281033367","1,393048466"
235,Colius colius,Coliiformes,Coliidae,"35,1","0,64",N,F,T,F,+,O,O,O,O,McKechnie & Lovegrove 2001b,1,2,"1,545307116","1,186391216"
236,Colius striatus,Coliiformes,Coliidae,51,"0,85",N,F,TR,F,+,O,O,O,O,McKechnie & Lovegrove 2001a,2,2,"1,707570176","1,309630167"
237,Urocolius macrourus,Coliiformes,Coliidae,"51,3","0,86",N,F,TR,F,+,O,O,O,O,Prinzinger 1988,2,2,"1,710117365","1,314709693"
238,Colius castanotus,Coliiformes,Coliidae,69,"1,66",N,F,TR,F,+,O,O,O,O,Prinzinger et al. 1981,2,2,"1,838849091","1,60031933"
239,Alcedo atthis,Coraciiformes,Alcedinidae,"34,3","1,36",N,V,T/TR,W,+/O,O,O,O,O,Kendeigh et al. 1977,3,2,"1,53529412","1,51375015"
240,Dacelo novaeguineae,Coraciiformes,Alcedinidae,336,"4,02",N,V/I,T/TR,G,O,O,O,O,O,Buttemer et al. 2003,3,2,"2,526339277","1,984437295"
241,Chloroceryle aenea,Coraciiformes,Alcedinidae,"11,8","0,63",N,V/I,TR,F,O,O,O,O,O,Wiersma et al. 2007,2,2,"1,071882007","1,179551791"
242,Todus mexicanus,Coraciiformes,Todidae,"6,3","0,41",N,I,TR,F,+,O,I,O,O,Merola-Zwartjes & Ligon 2000,2,2,"0,7993405495","0,9929950984"
243,Momotus momota,Coraciiformes,Momotidae,"102,4","1,77",N,I,TR,F,O,O,O,O,O,Wiersma et al. 2007,2,2,"2,010299957","1,628184508"
244,Merops viridis,Coraciiformes,Meropidae,"33,8","1,07",N,I,TR,G,O,O,O,O,O,Bryant et al. 1984,2,2,"1,5289167","1,409595019"
245,Upupa epops,Coraciiformes,Upupidae,67,"1,99",N,I,T/TR,G,O,+/O,O,O,O,Prinzinger & Hänssler 1980,3,2,"1,826074803","1,679064318"
246,Phoeniculus purpureus,Coraciiformes,Phoeniculidae,"74,1","1,25",N,I,TR,G,O,O,O,O,O,Boix-Hinzen & Lovegrove 1998,2,2,"1,869818208","1,477121255"
247,Rhyticeros plicatus,Coraciiformes,Bucerotidae,"1781,6","16,33",N,F,TR,F,O,O,O,O,O,McNab 2001,2,2,"3,250810204","2,593197426"
248,Notharchus macrorhynchos,Gabuliformes,Bucconidae,"43,2","1,14",N,I,TR,G,O,O,O,O,O,Wiersma et al. 2007,2,2,"1,635483747","1,437116093"
249,Aulacorhynchus sulcatus,Piciformes,Ramphastidae,"131,7","2,44",N,F/I,TR,F,O,O,O,O,O,McNab 2001,2,2,"2,119585775","1,767601068"
250,Baillonius bailloni,Piciformes,Ramphastidae,133,"2,53",N,F,TR,F,O,O,O,O,O,McNab 2001,2,2,"2,123851641","1,783331763"
251,Aulacorhynchus prasinus,Piciformes,Ramphastidae,"174,7","2,99",N,F/I,TR,F,O,O,O,O,O,McNab 2001,2,2,"2,242292905","1,85588243"
252,Pteroglossus aracari,Piciformes,Ramphastidae,"200,7","3,2",N,F/I,TR,F,O,O,O,O,O,McNab 2001,2,2,"2,302547372","1,88536122"
253,Ramphastos dicolorus,Piciformes,Ramphastidae,"328,9","4,55",N,F/V,TR,F,O,O,O,O,O,McNab 2001,2,2,"2,517063873","2,038222638"
254,Ramphastos tucanus,Piciformes,Ramphastidae,"420,3","6,15",N,F/V,TR,F,O,O,O,O,O,McNab 2001,2,2,"2,62355939","2,169086357"
255,Ramphastos toco,Piciformes,Ramphastidae,582,"8,72",N,F/V,TR,F,O,O,O,O,O,McNab 2001,2,2,"2,764922985","2,320727727"
256,Trachyphonus darnaudii,Piciformes,Ramphastidae,"36,6","0,79",N,O,TR,G,O,O,O,O,O,McNab 2001,2,2,"1,563481085","1,277838333"
257,Jynx toquilla,Piciformes,Picidae,"31,8","1,29",N,I,T,F,O,+,O,O,O,Kendeigh et al. 1977,1,2,"1,50242712","1,490800952"
258,Picoides pubescens,Piciformes,Picidae,"23,3","1,19",N,I,T,F,O,+,O,O,O,Liknes & Swanson 1996,1,2,"1,367355921","1,455758203"
259,Melanerpes rubricapillus,Piciformes,Picidae,"48,7","1,93",N,I,TR,F,O,O,O,O,O,Wiersma et al. 2007,2,2,"1,687528961","1,665768551"
260,Celeus loricatus,Piciformes,Picidae,"83,1","2,47",N,I,TR,F,O,O,O,O,O,Wiersma et al. 2007,2,2,"1,919601024","1,772908195"
261,Dendrocopus major,Piciformes,Picidae,98,"3,22",N,I,T,F,O,O,O,O,O,Kendeigh et al. 1977,1,2,"1,991226076","1,888067113"
262,Pitta versicolor,Passeriformes,Pittidae,"83,1","2,04",D/N,I,T/TR,F,O,+,O,O,O,McNab pers obs,3,1,"1,919601024","1,689841409"
263,Lepidothrix coronata,Passeriformes,Pipridae,"9,2","0,54",N,F/I,TR,F,?,O,O,O,O,Wiersma et al. 2007,2,1,"0,9637878273","1,112605002"
264,Pipra mentalis,Passeriformes,Pipridae,"12,3","0,7",N,F/I,TR,F,+,O,O,O,O,Bartholomew et al. 1983,2,1,"1,089905111","1,225309282"
265,Manacus vitellinus,Passeriformes,Pipridae,"15,5","0,84",N,F/I,TR,F,+,O,O,O,O,Bartholomew et al. 1983,2,1,"1,190331698","1,304490528"
266,Chiroxiphia lanceolata,Passeriformes,Pipridae,"18,4","1,22",?,F,TR,F,?,O,O,O,O,Wiersma et al. 2007,2,1,"1,264817823","1,466571072"
267,Phytotoma rara,Passeriformes,Cotingidae,"41,6","2,06",N,L/G,T,G,O,+/O,O,O,O,Rezende et al. 2001,1,1,"1,619093331","1,694078462"
268,Todirostrum cinereum,Passeriformes,Tyrannidae,"7,3","0,61",N,I,TR,B,O,O,O,O,O,Wiersma et al. 2007,2,1,"0,8633228601","1,165541077"
269,Mionectes oleagineus,Passeriformes,Tyrannidae,"10,3","0,59",N,F,TR,F,O,O,O,O,O,Wiersma et al. 2007,2,1,"1,012837225","1,151063253"
270,Camptostoma obsoletum,Passeriformes,Tyrannidae,"12,5","0,95",N,I,TR,B,O,O,O,O,O,Wiersma et al. 2007,2,1,"1,096910013","1,357934847"
271,Cnipodectes subbrunneus,Passeriformes,Tyrannidae,"20,5","0,99",N,I,TR,F,O,O,O,O,O,Wiersma et al. 2007,2,1,"1,311753861","1,375846436"
272,Rhynchocyclus olivaceus,Passeriformes,Tyrannidae,21,"1,08",N,I,TR,F,O,O,O,O,O,Wiersma et al. 2007,2,1,"1,322219295","1,413634997"
273,Empidonax virescens,Passeriformes,Tyrannidae,"12,3","0,64",N,FI,T,F,O,+,O,O,O,Yarbrough 1971,1,1,"1,089905111","1,186391216"
274,Contopus virens,Passeriformes,Tyrannidae,"13,9","0,93",N,FI,T,F,O,+,O,O,O,Yarbrough 1971,1,1,"1,1430148","1,34869419"
275,Sayornis phoebe,Passeriformes,Tyrannidae,"21,6","1,24",N,FI,T,F,O,+,O,O,O,Yarbrough 1971,1,1,"1,334453751","1,473632927"
276,Myiarchus crinitus,Passeriformes,Tyrannidae,"33,9","1,38",N,FI,T,F,O,+,O,O,O,Yarbrough 1971,1,1,"1,530199698","1,520090328"
277,Tyrannus tyrannus,Passeriformes,Tyrannidae,"35,7","1,57",N,FI,T,G,O,+,O,O,O,Yarbrough 1971,1,1,"1,552668216","1,576110894"
278,Tyrannus melancholicus,Passeriformes,Tyrannidae,38,"1,31",N,FI,TR,G,O,+/O,O,O,O,Wiersma et al. 2007,2,1,"1,579783597","1,497482537"
279,Myiodynastes maculatus,Passeriformes,Tyrannidae,41,"2,12",N,FI,TR,F,O,+/O,O,O,O,Wiersma et al. 2007,2,1,"1,612783857","1,706547103"
280,Xenops minutus,Passeriformes,Furnariidae,"9,9","0,82",N,I,TR,F,O,O,O,O,O,Wiersma et al. 2007,2,1,"0,9956351946","1,294025094"
281,Glyphorynchus spirurus,Passeriformes,Dendrocolaptidae,"13,5","0,72",N,I,TR,F,O,O,O,O,O,Wiersma et al. 2007,2,1,"1,130333768","1,237543738"
282,Dendrocincla fuliginosa,Passeriformes,Dendrocolaptidae,39,"1,77",N,I,TR,F,O,O,O,O,O,Wiersma et al. 2007,2,1,"1,591064607","1,628184508"
283,Xiphorhynchus guttatus,Passeriformes,Dendrocolaptidae,"45,2","1,61",N,I,TR,F,O,O,O,O,O,Vleck & Vleck 1979,2,1,"1,655138435","1,587037118"
284,Myrmotherula axillaris,Passeriformes,Thamnophilidae,"9,6","0,78",N,I,TR,F,O,O,O,O,O,Wiersma et al. 2007,2,1,"0,982271233","1,272305844"
285,Cercomacra tyrannina,Passeriformes,Thamnophilidae,"15,4","0,68",N,I,TR,F,O,O,O,O,O,Wiersma et al. 2007,2,1,"1,187520721","1,212720154"
286,Hylophylax naevioides,Passeriformes,Thamnophilidae,"16,1","0,86",N,I,TR,F,O,O,O,O,O,Wiersma et al. 2007,2,1,"1,206825876","1,314709693"
287,Thamnophilus atrinucha,Passeriformes,Thamnophilidae,"20,5","1,01",N,I,TR,F,O,O,O,O,O,Wiersma et al. 2007,2,1,"1,311753861","1,384532615"
288,Thamnophilus punctatus,Passeriformes,Thamnophilidae,21,"1,24",N,I,TR,F,O,O,O,O,O,Vleck & Vleck 1979,2,1,"1,322219295","1,473632927"
289,Thamnophilus doliatus,Passeriformes,Thamnophilidae,"26,2","1,03",N,I,TR,F,O,O,O,O,O,Wiersma et al. 2007,2,1,"1,418301291","1,393048466"
290,Myrmeciza longipes,Passeriformes,Thamnophilidae,"27,4","1,17",N,I,TR,F,O,O,O,O,O,Wiesma et al. 2007,2,1,"1,437750563","1,448397103"
291,Gymnopithys bicolor,Passeriformes,Thamnophilidae,"27,7","1,2",N,I,TR,F,O,O,O,O,O,Wiesma et al. 2007,2,1,"1,442479769","1,459392488"
292,Myrmeciza exsul,Passeriformes,Thamnophilidae,"28,3","1,04",N,I,TR,F,O,O,O,O,O,Wiesma et al. 2007,2,1,"1,451786436","1,397244581"
293,Lichmera indistincta,Passeriformes,Meliphagidae,"10,1","0,76",N,P/I,T/TR,F,O,O,O,O,O,Vitali et al. 1999,3,1,"1,004321374","1,261024834"
294,Melithreptus lunatus,Passeriformes,Meliphagidae,"14,3","0,9",N,I,T,F,O,O,O,O,O,Vitali et al. 1999,1,1,"1,155336037","1,334453751"
295,Phylidonyris melanops,Passeriformes,Meliphagidae,"18,8","1,05",N,P/I,T,O,O,O,O,O,O,Vitali et al. 1999,1,1,"1,274157849","1,401400541"
296,Ptiloprora guisei,Passeriformes,Meliphagidae,"20,7","1,05",N,F/I,TR,F,O,O,O,+,O,"McNab, pers, obs,",2,1,"1,315970345","1,401400541"
297,Lichenostomus virescens,Passeriformes,Meliphagidae,25,"1,07",N,P/I,T/TR,D,O,O,O,O,O,Collins et al. 1980,3,1,"1,397940009","1,409595019"
298,Melipotes fumigatus,Passeriformes,Meliphagidae,"57,1","2,44",N,F,TR,F,O,O,O,+,O,"McNab, pers, obs,",2,1,"1,756636108","1,767601068"
299,Melidectes rufocrissalis,Passeriformes,Meliphagidae,"62,8","2,8",N,P/I,TR,B,O,O,O,+,O,"McNab, pers, obs,",2,1,"1,797959644","1,827369273"
300,Philemon buceroides,Passeriformes,Meliphagidae,"140,5","5,06",N,O,TR,F,O,O,O,O,O,"Bonaccorso & McNab pers, obs,",2,1,"2,147676324","2,084361759"
301,Prosthemadera novaeseelandiae,Passeriformes,Meliphagidae,"144,2","3,98",D,F/I,T,F,O,O,L,O,O,"McNab, pers,obs,",1,1,"2,15896526","1,980094314"
302,Sericornis perspicillatus,Passeriformes,Pardalotidae,"8,8","0,78",N,I,TR,F,O,O,O,+,O,"McNab, pers, obs,",2,1,"0,9444826722","1,272305844"
303,Sericornis papuensis,Passeriformes,Pardalotidae,"10,4","0,66",N,I,TR,F,O,O,O,+,O,"McNab, pers, obs,",2,1,"1,017033339","1,199755177"
304,Sericornis frontalis,Passeriformes,Pardalotidae,11,"0,66",N,I,T/TR,B,O,O,O,O,O,Ambrose & Bradshaw 1988,3,1,"1,041392685","1,199755177"
305,Crateroscelis nigrorufa,Passeriformes,Pardalotidae,"14,6","0,74",N,I,TR,F,O,O,O,+,O,"McNab, pers, obs,",2,1,"1,164352856","1,249442961"
306,Sericornis nouhuysi,Passeriformes,Pardalotidae,"16,6","1,01",N,I,TR,F,O,O,O,+,O,"McNab, pers, obs,",2,1,"1,220108088","1,384532615"
307,Crateroscelis robusta,Passeriformes,Pardalotidae,"17,3","0,91",N,I,TR,F,O,O,O,+,O,"McNab, pers, obs,",2,1,"1,238046103","1,339252634"
308,Ifrita kowaldi,Passeriformes,Cinclosomatidae,"28,9","1,13",N,I,TR,F,O,O,O,+,O,"McNab, pers, obs,",2,1,"1,460897843","1,433289685"
309,Rhipidura albolimbata,Passeriformes,Rhipiduridae,"9,7","0,59",N,FI,TR,F,O,O,O,+,O,"McNab, pers, obs,",2,1,"0,9867717343","1,151063253"
310,Rhipidura atra,Passeriformes,Rhipiduridae,11,"1,11",N,FI,TR,F,O,O,O,+,O,"McNab, pers, obs,",2,1,"1,041392685","1,42553422"
311,Machaerirhynchus nigripectus,Passeriformes,Monarchidae,"9,7","0,83",N,I,TR,F,O,O,O,+,O,"McNab, pers, obs,",2,1,"0,9867717343","1,299289334"
312,Monarchus axillaris,Passeriformes,Monarchidae,"17,5","1,81",N,I,TR,F,O,O,O,+,O,"McNab, pers, obs,",2,1,"1,243038049","1,637889817"
313,Microeca papuanus,Passeriformes,Petroicidae,"12,5","1,11",N,FI,TR,F,O,O,O,+,O,"McNab, pers, obs,",2,1,"1,096910013","1,42553422"
314,Peneothello sigillata,Passeriformes,Petroicidae,"21,6","1,12",N,I,TR,F,O,O,O,+,O,"McNab, pers, obs,",2,1,"1,334453751","1,429429264"
315,Peneothello cyanus,Passeriformes,Petroicidae,"23,8","1,26",N,I,TR,F,O,O,O,+,O,"McNab, pers, obs,",2,1,"1,376576957","1,480581787"
316,Plesiodryas albonotata,Passeriformes,Petroicidae,"36,4","1,62",N,FI,TR,F,O,O,O,+,O,"McNab, pers, obs",2,1,"1,561101384","1,589726256"
317,Eulacestoma nigropectus,Passeriformes,Pachycephalidae,"19,9","1,24",N,I,TR,F,O,O,O,+,O,"McNab, pers, obs,",2,1,"1,298853076","1,473632927"
318,Pachycephala schlegelii,Passeriformes,Pachycephalidae,"22,6",1,N,F/I,TR,F,O,O,O,+,O,"McNab, pers, obs,",2,1,"1,354108439","1,380211242"
319,Pachycephala soror,Passeriformes,Pachycephalidae,"23,3","1,31",N,I,TR,F,O,O,O,+,O,"McNab, pers, obs,",2,1,"1,367355921","1,497482537"
320,Pachycephala rufinucha,Passeriformes,Pachycephalidae,"38,6","1,5",N,F/I,TR,F,O,O,O,+,O,"McNab, pers, obs,",2,1,"1,586587305","1,556302501"
321,Pitohui nigrescens,Passeriformes,Pachycephalidae,"70,5","2,27",N,F/I,TR,F,O,O,O,+,O,"McNab, pers, obs,",2,1,"1,848189117","1,736237099"
322,Toxorhamphus poliopterus,Passeriformes,Melanocharitidae,"13,2","0,69",N,P/I,TR,F,O,O,O,+,O,"McNab, pers, obs,",2,1,"1,120573931","1,219060332"
323,Melanocharis versteri,Passeriformes,Melanocharitidae,"13,6","0,88",N,F/I,TR,F,O,O,O,+,O,"McNab, pers, obs,",2,1,"1,133538908","1,324693914"
324,Oreocharis arfaki,Passeriformes,Melanocharitidae,"22,3","1,16",N,F,TR,F,O,O,O,+,O,"McNab, pers, obs,",2,1,"1,348304863","1,444669231"
325,Paramythia montium,Passeriformes,Melanocharitidae,"40,3","1,5",N,F,TR,F,O,O,O,+,O,"McNab, pers, obs,",2,1,"1,605305046","1,556302501"
326,Lanius collurio,Passeriformes,Laniidae,27,"1,38",N,V/I,T,O,O,+,O,O,O,Kendeigh et al. 1977,1,1,"1,431363764","1,520090328"
327,Lanius excubitor,Passeriformes,Laniidae,"72,4","3,68",N,V/I,T,O,O,+/O,O,O,O,Kendeigh et al. 1977,1,1,"1,859738566","1,94605906"
328,Oriolus oriolus,Passeriformes,Oriolidae,"64,9","2,34",N,I,T,F,O,+,O,O,O,Kendeigh et al. 1977,1,1,"1,812244697","1,749427099"
329,Cyanocitta cristata,Passeriformes,Corvidae,"80,8",3,N,O,T,O,O,O,O,O,O,Misch 1960,1,1,"1,907411361","1,857332496"
330,Nucifraga caryocatactes,Passeriformes,Corvidae,147,"4,85",N,O,T,F,O,O,O,+,O,Kendeigh et al. 1977,1,1,"2,167317335","2,06595298"
331,Pica nuttalli,Passeriformes,Corvidae,"151,9","5,28",N,O,T,O,O,O,O,O,O,Hayworth & Weathers 1984,1,1,"2,181557774","2,102845164"
332,Garrulus glandarius,Passeriformes,Corvidae,153,"4,99",N,O,T,F,O,O,O,O,O,Kendeigh et al. 1977,1,1,"2,184691431","2,078311787"
333,Pica pica,Passeriformes,Corvidae,"158,9","4,31",N,O,T,O,O,O,O,O,O,Hayworth & Weathers 1984,1,1,"2,201123897","2,014688512"
334,Corvus monedula,Passeriformes,Corvidae,188,"6,19",N,O,T,O,O,O,O,O,O,Daan et al. 1990,1,1,"2,274157849","2,171901891"
335,Pyrrhocorax graculus,Passeriformes,Corvidae,"206,4","6,17",N,O,T,O,O,O,O,+,O,Kendeigh et al. 1977,1,1,"2,314709693","2,170496406"
336,Corvus frugilegus,Passeriformes,Corvidae,390,"9,42",N,O,T,F/O,O,+/O,O,O,O,Kendeigh et al. 1977,1,1,"2,591064607","2,354262145"
337,Corvus corone,Passeriformes,Corvidae,518,"11,93",N,O,T,O,O,O,O,O,O,Kendeigh et al. 1977,1,1,"2,71432976","2,456851685"
338,Corvus ruficollis,Passeriformes,Corvidae,660,"12,23",N,V/I,T,D,O,O,O,O,O,Kendeigh et al. 1977,1,1,"2,819543936","2,467637699"
339,Corvus corax,Passeriformes,Corvidae,1203,"19,8",N,O,T,O,O,O,O,O,O,Kendeigh et al. 1977,1,1,"3,080265627","2,676876432"
340,Artamus maximus,Passeriformes,Artamidae,60,"1,99",N,FI,TR,O,O,O,O,+,O,"McNab, pers, obs,",2,1,"1,77815125","1,679064318"
341,Cnemophilus loriae,Passeriformes,Paradisaeidae,"78,1","2,38",D/N+,F,TR,F,O,O,O,+,O,McNab 2005,2,1,"1,892651034","1,756788199"
342,Cnemophilus macgregorii,Passeriformes,Paradisaeidae,89,"2,68",N,F,TR,F,O,O,O,+,O,"McNab, pers, obs,",2,1,"1,949390007","1,808346036"
343,Cicinnurus regius,Passeriformes,Paradisaeidae,54,"2,1",N,F/I,TR,F,O,O,O,O,O,McNab 2005,2,1,"1,73239376","1,702430536"
344,Lophorina superba,Passeriformes,Paradisaeidae,"74,6","2,6",D/N,F/I,TR,F,O,O,O,O,O,McNab 2005,2,1,"1,872738827","1,79518459"
345,Diphyllodes magniﬁcus,Passeriformes,Paradisaeidae,"82,3","2,84",N,F/I,TR,F,O,O,O,O,O,McNab 2005,2,1,"1,915399835","1,833529582"
346,Parotia lawesii,Passeriformes,Paradisaeidae,"144,9","4,13",N,F,TR,F,O,O,O,O,O,McNab 2005,2,1,"2,161068385","1,996161293"
347,Astrapia stephaniae,Passeriformes,Paradisaeidae,"148,2","5,8",D/N,F/I,TR,F,O,O,O,+,O,McNab 2005,2,1,"2,170848204","2,143639235"
348,Paradisaea rudolphi,Passeriformes,Paradisaeidae,"156,1","5,48",N,F/I,TR,F,O,O,O,O,O,McNab 2005,2,1,"2,193402903","2,1189918"
349,Parotia wahnesi,Passeriformes,Paradisaeidae,"164,2","4,64",N,F,TR,F,O,O,O,O,O,McNab 2005,2,1,"2,215373153","2,046729222"
350,Phonygammus keraudrenii,Passeriformes,Paradisaeidae,"170,7","4,31",N,F,TR,F,O,O,O,O,O,McNab 2005,2,1,"2,232233521","2,014688512"
351,Manucodia chalybata,Passeriformes,Paradisaeidae,"177,2","4,94",N,F,TR,F,O,O,O,O,O,McNab 2005,2,1,"2,248463718","2,073938191"
352,Ptiloris magniﬁcus,Passeriformes,Paradisaeidae,"179,4","5,4",D/N,F/I,TR,F,O,O,O,O,O,McNab 2005,2,1,"2,253822439","2,112605002"
353,Epimachus meyeri,Passeriformes,Paradisaeidae,"202,7","6,63",D/N,F/I,TR,F,O,O,O,+,O,McNab 2005,2,1,"2,306853749","2,20172477"
354,Paradisaea raggiana,Passeriformes,Paradisaeidae,"215,7","6,75",D/N,F/I,TR,F,O,O,O,O,O,McNab 2005,2,1,"2,333850145","2,209515015"
355,Bombycilla garrulus,Passeriformes,Bombycillidae,"72,5","3,43",N,F/I,T,F,O,+,O,O,O,Kendeigh et al. 1977,1,1,"1,860338007","1,915505362"
356,Parus caeruleus,Passeriformes,Paridae,"9,6","0,6",N,I/S,T,F,O,+/O,O,O,O,Lindström & Kvist 1995,1,1,"0,982271233","1,158362492"
357,Poecile atricapillus,Passeriformes,Paridae,"10,3","0,91",N,I/S,T,F/O,O,O,O,O,O,Rising & Hudson 1974,1,1,"1,012837225","1,339252634"
358,Parus ater,Passeriformes,Paridae,"10,8","0,85",N,I/S,T,F,O,+/O,O,O,O,Kendeigh et al. 1977,1,1,"1,033423755","1,309630167"
359,Parus montanus,Passeriformes,Paridae,"11,6","0,99",N,I/S,T,F,O,O,O,O,O,Reinertsen & Haftorn 1986,1,1,"1,064457989","1,375846436"
360,Parus major,Passeriformes,Paridae,"16,5","1,26",N,I/S,T,F,+,+/O,O,O,O,Reinertsen & Haftorn 1986,1,1,"1,217483944","1,480581787"
361,Tachycineta albilinea,Passeriformes,Hirundinidae,"11,7","0,9",N,FI,TR,O,O,O,O,O,O,Wiersma et al. 2007,2,1,"1,068185862","1,334453751"
362,Stegidopteryx ruﬁcollis,Passeriformes,Hirundinidae,"11,9","0,57",N,FI,TR,O,O,O,O,O,O,Wiersma et al. 2007,2,1,"1,075546961","1,136086097"
363,Riparia riparia,Passeriformes,Hirundinidae,"13,6","0,84",N,FI,T,O,O,+,O,O,O,Kendeigh et al. 1977,1,1,"1,133538908","1,304490528"
364,Hirundo tahitica,Passeriformes,Hirundinidae,"14,1","0,64",N,FI,TR,O,O,O,O,O,O,Bryant et al. 1984,2,1,"1,149219113","1,186391216"
365,Tachycineta bicolor,Passeriformes,Hirundinidae,"16,4","1,03",N,FI,TR,O,O,+,O,O,O,Wiersma et al. 2007,2,1,"1,214843848","1,393048466"
366,Delichon urbica,Passeriformes,Hirundinidae,18,"0,46",N,FI,T,O,+,+,O,O,O,Prinzinger & Hänssler 1980,1,1,"1,255272505","1,042969073"
367,Hirundo rustica,Passeriformes,Hirundinidae,"18,4","1,08",N,FI,T,O,+,+,O,O,O,Gavrilov & Dol’nik 1985,1,1,"1,264817823","1,413634997"
368,Progne chalybea,Passeriformes,Hirundinidae,"34,9","1,68",N,FI,TR,O,O,+/O,O,O,O,Wiersma et al. 2007,2,1,"1,542825427","1,605520523"
369,Psaltriparus minimus,Passeriformes,Aegithalidae,"5,5","0,46",N,I/S,T,F/O,O,O,O,O,O,Chaplin 1982,1,1,"0,7403626895","1,042969073"
370,Aegithalos caudatus,Passeriformes,Aegithalidae,"8,9","0,72",N,I,T,F,O,+/O,O,O,O,Gavrilov & Dol’nik 1985,1,1,"0,9493900066","1,237543738"
371,Eremalauda dunni,Passeriformes,Alaudidae,"20,6",1,N,I/S,TR,B,O,O,O,O,O,Tieleman et al. 2002,2,1,"1,31386722","1,380211242"
372,Lullula arborea,Passeriformes,Alaudidae,"25,5","2,06",N,I,T,B,O,+/O,O,O,O,Tieleman et al. 2002,1,1,"1,40654018","1,694078462"
373,Eremophila alpestris,Passeriformes,Alaudidae,26,"1,19",N,I,T,B/G,O,+/O,O,O,O,Trost 1972,1,1,"1,414973348","1,455758203"
374,Certhilauda erythrochlamys,Passeriformes,Alaudidae,"27,3","1,5",N,I,T,D,O,O,O,O,O,Williams 1999,1,1,"1,436162647","1,556302501"
375,Alauda arvensis,Passeriformes,Alaudidae,"31,7","2,6",N,I/S,T,G,O,+,O,O,O,Tieleman et al. 2002,1,1,"1,501059262","1,79518459"
376,Alaemon alaudipes,Passeriformes,Alaudidae,"37,7","1,54",N,I,T,D,O,O,O,O,O,Tieleman et al. 2002,1,1,"1,57634135","1,567731963"
377,Phyllastrephus hypochloris,Passeriformes,Pycnonotidae,"18,9","0,95",N,I,TR,F,O,O,O,+,O,Seavy & McNab 2007,2,1,"1,276461804","1,357934847"
378,Andropodus curvirostris,Passeriformes,Pycnonotidae,23,"1,06",N,F,TR,F,O,O,O,O,O,Seavy & McNab 2007,2,1,"1,361727836","1,405517107"
379,Andropodus virens,Passeriformes,Pycnonotidae,"24,2","1,19",N,F,TR,F,O,O,O,O,O,Seavy & McNab 2007,2,1,"1,383815366","1,455758203"
380,Andropodus latirostris,Passeriformes,Pycnonotidae,"26,6","1,3",N,F,TR,F,O,O,O,O,O,Seavy & McNab 2007,2,1,"1,424881637","1,494154594"
381,Pycnonotus barbatus,Passeriformes,Pycnonotidae,"40,3","1,72",N,F,TR,F,O,O,O,O,O,Seavy & McNab 2007,2,1,"1,605305046","1,615739689"
382,Acrocephalus palustris,Passeriformes,Sylviidae,"10,8","0,73",N,I,T,B,O,+,O,O,O,Kendeigh et al. 1977,1,1,"1,033423755","1,243534102"
383,Acrocephalus schoenobaenus,Passeriformes,Sylviidae,"11,5","0,78",N,I,T,B,O,+,O,O,O,Kendeigh et al. 1977,1,1,"1,06069784","1,272305844"
384,Hippolais icterina,Passeriformes,Sylviidae,"12,5","1,69",N,I,T,F,O,+,O,O,O,Kendeigh et al. 1977,1,1,"1,096910013","1,608097946"
385,Phylloscopus collybita,Passeriformes,Sylviidae,"8,2","0,59",N,I,T,F,O,+/O,O,O,O,Kendeigh et al. 1977,1,1,"0,9138138524","1,151063253"
386,Phylloscopus sibilatrix,Passeriformes,Sylviidae,"9,2","0,63",N,I,T,F,O,+,O,O,O,Kendeigh et al. 1977,1,1,"0,9637878273","1,179551791"
387,Phylloscopus trochilus,Passeriformes,Sylviidae,"10,7","0,75",N,I,T,B,O,+,O,O,O,Kendeigh et al. 1977,1,1,"1,029383778","1,255272505"
388,Sylvia curruca,Passeriformes,Sylviidae,"10,6","0,72",N,I,T,B,O,+,O,O,O,Kendeigh et al. 1977,1,1,"1,025305865","1,237543738"
389,Sylvia nisoria,Passeriformes,Sylviidae,"21,3","1,38",N,I,T,B,O,+,O,O,O,Kendeigh et al. 1977,1,1,"1,328379603","1,520090328"
390,Sylvia atricapilla,Passeriformes,Sylviidae,"21,9","1,5",N,I,T,F,O,+/O,O,O,O,Kendeigh et al. 1977,1,1,"1,340444115","1,556302501"
391,Sylvia borin,Passeriformes,Sylviidae,"24,8","1,5",N,I,T,F,O,+,O,O,O,Kendeigh et al. 1977,1,1,"1,394451681","1,556302501"
392,Zosterops lateralis,Passeriformes,Zosteropidae,"11,8","0,58",N,O,T/TR,B,O,O,O,O,O,Maddocks & Geiser 1997,3,1,"1,071882007","1,143639235"
393,Regulus regulus,Passeriformes,Regulidae,"5,5","0,66",N,I,T,F,O,+/O,O,O,O,Kendeigh et al. 1977,1,1,"0,7403626895","1,199755177"
394,Troglodytes troglodytes,Passeriformes,Troglodytidae,"8,9","0,6",N,I,T,F,O,+/O,O,O,O,Lindström & Kvist 1995,1,1,"0,9493900066","1,158362492"
395,Troglodytes aedon,Passeriformes,Troglodytidae,"10,2","0,75",N,I,T,O,O,+,O,O,O,Wiersma et al. 2007,1,1,"1,008600172","1,255272505"
396,Troglodytes musculus,Passeriformes,Troglodytidae,"13,3","0,76",N,I,TR,O,O,O,O,O,O,Wiersma et al. 2007,2,1,"1,123851641","1,261024834"
397,Thryothorus ludovicianus,Passeriformes,Troglodytidae,"14,9","1,29",N,I,T,F,O,O,O,O,O,Eberhardt 1994,1,1,"1,173186268","1,490800952"
398,Thryothorus leucotis,Passeriformes,Troglodytidae,18,"0,76",N,I,TR,F,O,O,O,O,O,Wiersma et al. 2007,2,1,"1,255272505","1,261024834"
399,Thryothorus rufalbus,Passeriformes,Troglodytidae,"22,6","1,07",N,I,TR,F,O,O,O,O,O,Wiersma et al. 2007,2,1,"1,354108439","1,409595019"
400,Thryothorus fasciatoventris,Passeriformes,Troglodytidae,"27,2","1,12",N,I,TR,F,O,O,O,O,O,Wiersma et al. 2007,2,1,"1,434568904","1,429429264"
401,Sitta carolinesis,Passeriformes,Sittidae,"18,3","1,04",N,I/S,T,F,O,O,O,O,O,Liknes & Swanson 1996,1,1,"1,26245109","1,397244581"
402,Sturnus vulgaris,Passeriformes,Sturnidae,75,"3,16",N,O,T,O,O,O,O,O,O,Kendeigh et al. 1977,1,1,"1,875061263","1,879898324"
403,Sialia mexicana,Passeriformes,Turdidae,"27,5","1,52",N,F/I,T,F,O,+/O,O,O,O,Mock 1991,1,1,"1,439332694","1,56205483"
404,Turdus iliacus,Passeriformes,Turdidae,58,"2,6",N,F/I,T,F/O,O,+,O,O,O,Kendeigh et al. 1977,1,1,"1,763427994","1,79518459"
405,Turdus migratorius,Passeriformes,Turdidae,"62,4","2,74",N,F/I,T,F/B,O,+/O,O,O,O,Wiermsa et al. 2007,1,1,"1,79518459","1,817961805"
406,Turdus philomelos,Passeriformes,Turdidae,"62,8","2,61",N,F/I,T,F,O,+/O,O,O,O,Gavrilov & Dol’nik 1985,1,1,"1,797959644","1,796851749"
407,Turdus poliocephalus,Passeriformes,Turdidae,"66,1","2,56",N,F/I,TR,F/O,O,O,O,+,O,"McNab, pers, ob,",2,1,"1,820201459","1,788451207"
408,Turdus grayi,Passeriformes,Turdidae,"77,9","2,44",N,F/I,TR,F/O,O,O,O,O,O,Wiersma et al. 2007,2,1,"1,891537458","1,767601068"
409,Turdus merula,Passeriformes,Turdidae,"82,6","3,34",N,I,T,F,O,+/O,O,O,O,Kendeigh et al. 1977,1,1,"1,916980047","1,903957709"
410,Turdus viscivorus,Passeriformes,Turdidae,"108,2","3,97",N,F/I,T,F,O,+/O,O,O,O,Kendeigh et al. 1977,1,1,"2,034227261","1,979001748"
411,Phoenicurus phoenicurus,Passeriformes,Turdidae,13,"0,84",N,F/I,T,F,O,+,O,O,O,Kendeigh et al. 1977,1,1,"1,113943352","1,304490528"
412,Phoenicurus ochruros,Passeriformes,Turdidae,"13,8","0,87",N,F/I,T,O,O,+/O,O,O,O,Kendeigh et al. 1977,1,1,"1,139879086","1,319730494"
413,Saxicola rubetra,Passeriformes,Turdidae,"14,3","0,87",N,I,T,O,O,+,O,O,O,Kendeigh et al. 1977,1,1,"1,155336037","1,319730494"
414,Tarsiger cyanurus,Passeriformes,Turdidae,"14,8","0,85",N,I,T,F,O,+,O,+,O,Gavrilov & Dol’nik 1985,1,1,"1,170261715","1,309630167"
415,Saxicola torquata,Passeriformes,Turdidae,"16,5","0,92",N,I,TR,D,O,+/O,O,O,O,Klaassen 1995,2,1,"1,217483944","1,343999069"
416,Erithacus rubecula,Passeriformes,Turdidae,"17,6","1,01",N,F/I,T,F,O,+/O,O,O,O,Kendeigh et al. 1977,1,1,"1,245512668","1,384532615"
417,Luscinia svecica,Passeriformes,Turdidae,"20,8","1,29",N,I,T,F/O,O,+,O,+,O,Kendeigh et al. 1977,1,1,"1,318063335","1,490800952"
418,Mimus polyglottos,Passeriformes,Mimidae,"44,2","2,44",N,O,T,B,O,O,O,O,O,Wiersma et al. 2007,1,1,"1,645422269","1,767601068"
419,Mimus gilvus,Passeriformes,Mimidae,"68,9","2,66",N,O,TR,B,O,O,O,O,O,Wiersma et al. 2007,2,1,"1,838219222","1,805092878"
420,Ficedula hypoleuca,Passeriformes,Muscicapidae,"11,7","0,84",N,I,T,F,O,+,O,O,O,Kendeigh et al. 1977,1,1,"1,068185862","1,304490528"
421,Muscicapa striata,Passeriformes,Muscicapidae,"14,4","0,89",N,I,T,O,O,+,O,O,O,Kendeigh et al. 1977,1,1,"1,158362492","1,329601248"
422,Aethopyga christinae,Passeriformes,Nectariniidae,"5,2","0,48",N,S,TR,F,O,O,O,O,O,Prinzinger et al. 1989,2,1,"0,7160033436","1,061452479"
423,Cinnyris minimus,Passeriformes,Nectariniidae,"5,5","0,42",N,P/I,TR,F,O,O,O,O,O,Seavy 2006,2,1,"0,7403626895","1,003460532"
424,Cinnyris bifasciatus,Passeriformes,Nectariniidae,"6,2","0,33",N,P/I,TR,B,O,+/O,O,O,O,Prinzinger et al. 1989,2,1,"0,7923916895","0,8987251816"
425,Cinnyris reichenowi,Passeriformes,Nectariniidae,"6,7","0,51",N,P/I,TR,F,O,+/O,O,+,O,Seavy 2006,2,1,"0,8260748027","1,087781418"
426,Cinnyris chloropygius,Passeriformes,Nectariniidae,"6,8","0,5",N,P/I,TR,B,O,+/O,O,O,O,Seavy 2006,2,1,"0,8325089127","1,079181246"
427,Aethopyga siparaja,Passeriformes,Nectariniidae,"6,8","0,53",N,P/I,TR,F,O,+/O,O,O,O,Prinzinger et al. 1989,2,1,"0,8325089127","1,104487111"
428,Cinnyris venustus,Passeriformes,Nectariniidae,"7,1","0,5",N,P/I,TR,F,O,+/O,O,+,O,Prinzinger et al. 1989,2,1,"0,8512583487","1,079181246"
429,Hedydipna collaris,Passeriformes,Nectariniidae,"8,3","0,61",N,I,TR,F,O,O,O,O,O,Prinzinger et al. 1989,2,1,"0,9190780924","1,165541077"
430,Cyanomitra veroxii,Passeriformes,Nectariniidae,"8,4","0,48",N,I,TR,F,O,O,O,O,O,Prinzinger et al. 1989,2,1,"0,9242792861","1,061452479"
431,Cinnyris cupreus,Passeriformes,Nectariniidae,9,"0,59",N,P/I,TR,F/O,O,+/O,O,O,O,Seavy 2006,2,1,"0,9542425094","1,151063253"
432,Chalcomitra adelberti,Passeriformes,Nectariniidae,"9,5","0,63",N,P/I,TR,F,O,O,O,O,O,Prinzinger et al. 1989,2,1,"0,9777236053","1,179551791"
433,Chalcomitra amethystina,Passeriformes,Nectariniidae,10,"0,63",N,P/I,TR,F,O,+/O,O,O,O,Prinzinger et al. 1989,2,1,1,"1,179551791"
434,Chalcomitra rubescens,Passeriformes,Nectariniidae,10,"0,66",N,P/I,TR,F,O,O,O,O,O,Seavy 2006,2,1,1,"1,199755177"
435,Chalcomitra obscura,Passeriformes,Nectariniidae,"11,2","0,72",N,P/I,TR,F,O,O,O,O,O,Seavy 2006,2,1,"1,049218023","1,237543738"
436,Anthreptes orientalis,Passeriformes,Nectariniidae,"11,8","0,55",N,P/I,TR,O,O,O,O,O,O,Prinzinger et al. 1989,2,1,"1,071882007","1,120573931"
437,Nectarinia tacazze,Passeriformes,Nectariniidae,"13,5","0,88",N,P/I,TR,O,+,O,O,+,O,Prinzinger et al. 1989,2,1,"1,130333768","1,324693914"
438,Chalcomitra senegalensis,Passeriformes,Nectariniidae,"13,7","0,86",N,P/I,TR,F/O,O,+/O,O,O,O,Seavy 2006,2,1,"1,136720567","1,314709693"
439,Cyanomitra verticalis,Passeriformes,Nectariniidae,"14,1","0,9",N,P/I,TR,F,O,O,O,O,O,Seavy 2006,2,1,"1,149219113","1,334453751"
440,Cyanomitra cyanolema,Passeriformes,Nectariniidae,"15,8","0,98",N,P/I,TR,F,O,O,O,O,O,Seavy 2006,2,1,"1,198657087","1,371437317"
441,Nectarinia kilimensis,Passeriformes,Nectariniidae,"16,2","0,94",N,P/I,TR,F,O,O,O,+,O,Seavy 2006,2,1,"1,209515015","1,353339095"
442,Erythrura trichroa,Passeriformes,Passeridae,"15,1","0,86",N,F/S,TR,B,O,O,O,+,O,"McNab, pers, obs,",2,1,"1,178976947","1,314709693"
443,Oreostruthus fuliginosus,Passeriformes,Passeridae,16,"0,59",N,F/S,TR,B,O,O,O,+,O,"McNab, pers, obs,",2,1,"1,204119983","1,151063253"
444,Passer montanus,Passeriformes,Passeridae,"22,3","1,46",N,I/S,T,O,O,O,O,O,O,Kendeigh et al. 1977,1,1,"1,348304863","1,544564097"
445,Passer domesticus,Passeriformes,Passeridae,23,"1,32",N,S/L,T,O,O,O,O,O,O,Kendeigh et al. 1977,1,1,"1,361727836","1,500785173"
446,Estrilda melpoda,Passeriformes,Estrildidae,"7,5","0,47",N,I/S,TR,O,O,O,O,O,O,Marschall & Prinzinger 1991,2,1,"0,8750612634","1,0523091"
447,Estrilda troglodytes,Passeriformes,Estrildidae,"7,5","0,54",N,S,TR,O,O,O,O,O,O,Kendeigh et al. 1977,2,1,"0,8750612634","1,112605002"
448,Uraeginthus bengalis,Passeriformes,Estrildidae,"9,2","0,59",N,S,TR,F/O,O,O,O,O,O,Kendeigh et al. 1977,2,1,"0,9637878273","1,151063253"
449,Chloebia gouldiae,Passeriformes,Estrildidae,"15,5","0,78",N,S,T,G,O,O,O,O,O,Marschall & Prinzinger 1991,1,1,"1,190331698","1,272305844"
450,Amadina fasciata,Passeriformes,Estrildidae,"17,2","0,77",N,S/I,T/TR,O,O,O,O,O,O,Marschall & Prinzinger 1991,3,1,"1,235528447","1,266701967"
451,Amadina erythrocephala,Passeriformes,Estrildidae,"21,7","0,76",N,S/I,T/TR,G,O,O,O,O,O,McKechnie & Lovegrove 2003,3,1,"1,336459734","1,261024834"
452,Taeniopygia guttata,Passeriformes,Estrildidae,"11,7","0,74",N,I/L,T/TR,O,O,O,O,O,O,Calder 1964,3,1,"1,068185862","1,249442961"
453,Lonchura fuscans,Passeriformes,Estrildidae,"9,5","0,36",N,S,TR,O,O,O,O,O,O,Weathers 1977,2,1,"0,9777236053","0,9365137425"
454,Lonchura striata,Passeriformes,Estrildidae,"10,3","0,77",N,S,TR,B,O,O,O,O,O,Kendeigh et al. 1977,2,1,"1,012837225","1,266701967"
455,Lonchura cucullata,Passeriformes,Estrildidae,"10,6","0,39",N,S,T/TR,O,O,O,O,O,O,Lovegrove & Smith 2003,3,1,"1,025305865","0,9712758487"
456,Lonchura oryzivora,Passeriformes,Estrildidae,"25,4","1,11",N,O,T,F/G,O,O,O,O,O,Marschell & Prinzinger 1991,1,1,"1,404833717","1,42553422"
457,Prunella modularis,Passeriformes,Prunellidae,"16,8","1,17",N,I,T,B,O,+/O,O,O,O,Kendeigh et al. 1977,1,1,"1,225309282","1,448397103"
458,Motacilla ﬂava,Passeriformes,Motacillidae,"14,7","0,93",N,I,T,G,O,+,O,O,O,Kendeigh et al. 1977,1,1,"1,167317335","1,34869419"
459,Motacilla alba,Passeriformes,Motacillidae,18,"1,08",N,I,T,O,O,+/O,O,O,O,Gavrilov & Dol’nik 1985,1,1,"1,255272505","1,413634997"
460,Anthus pratensis,Passeriformes,Motacillidae,"18,9","1,08",N,I,T,O,O,+/O,O,O,O,Kendeigh et al. 1977,1,1,"1,276461804","1,413634997"
461,Anthus trivialis,Passeriformes,Motacillidae,"19,7","1,22",N,I,T,O,O,+,O,O,O,Kendeigh et al. 1977,1,1,"1,294466226","1,466571072"
462,Anthus campestris,Passeriformes,Motacillidae,"21,8","1,38",N,I,T,O,O,+,O,O,O,Kendeigh et al. 1977,1,1,"1,338456494","1,520090328"
463,Fringilla coelebs,Passeriformes,Fringillidae,21,"1,34",N,S,T,F,O,+/O,O,O,O,Gavrilov & Dol’nik 1985,1,1,"1,322219295","1,50731604"
464,Fringilla montifringilla,Passeriformes,Fringillidae,21,"1,38",N,O,T,F,O,+,O,O,O,Kendeigh et al. 1977,1,1,"1,322219295","1,520090328"
465,Carduelis tristis,Passeriformes,Fringillidae,"12,8","1,09",N,S,T,F/O,O,+/O,O,O,O,Dawson & Carey 1976,1,1,"1,10720997","1,41763774"
466,Carduelis spinus,Passeriformes,Fringillidae,14,"1,05",N,S,T,F,O,+/O,O,O,O,Kendeigh et al. 1977,1,1,"1,146128036","1,401400541"
467,Carduelis ﬂammea,Passeriformes,Fringillidae,"14,7","1,25",N,S,P,O,O,+,O,O,O,Reinertsen & Haftorn 1986,1,1,"1,167317335","1,477121255"
468,Carduelis carduelis,Passeriformes,Fringillidae,"16,5","1,25",N,S,T,O,O,+/O,O,O,O,Kendeigh et al. 1977,1,1,"1,217483944","1,477121255"
469,Carduelis cannabina,Passeriformes,Fringillidae,"16,9","1,22",N,S,T,B,O,+/O,O,O,O,Kendeigh et al. 1977,1,1,"1,227886705","1,466571072"
470,Carpodacus mexicanus,Passeriformes,Fringillidae,"20,4","1,12",N,S,T,O,O,O,O,O,O,Weathers 1981,1,1,"1,309630167","1,429429264"
471,Carpodacus erythrinus,Passeriformes,Fringillidae,"21,2","1,33",N,S/L,T,B,O,+,O,O,O,Kendeigh et al. 1977,1,1,"1,326335861","1,504062883"
472,Carpodacus cassinii,Passeriformes,Fringillidae,"27,4","1,22",N,S,T,F,O,+/O,O,+,O,Weathers 1981,1,1,"1,437750563","1,466571072"
473,Carduelis chloris,Passeriformes,Fringillidae,"28,2","1,71",N,S,T,F,O,O,O,O,O,Kendeigh et al. 1977,1,1,"1,450249108","1,613207352"
474,Loxia leucoptera,Passeriformes,Fringillidae,"29,8","1,67",N,S,T,F,O,+/O,O,+,O,Dawson & Tordoff 1964,1,1,"1,474216264","1,602927713"
475,Pyrrhula pyrrhula,Passeriformes,Fringillidae,"30,4","1,99",N,L,T,F,O,O,O,O,O,Kendeigh et al. 1977,1,1,"1,482873584","1,679064318"
476,Loxia curvirostra,Passeriformes,Fringillidae,"39,4","2,16",N,S,T,F,O,O,O,O,O,Kendeigh et al. 1977,1,1,"1,595496222","1,714664993"
477,Coccothraustes coccothraustes,Passeriformes,Fringillidae,"48,3","2,51",N,O,T,F,O,O,O,O,O,Kendeigh et al. 1977,1,1,"1,683947131","1,779884963"
478,Loxia pytyopsittacus,Passeriformes,Fringillidae,"53,7","2,87",N,S,T,F,O,+,O,O,O,Kendeigh et al. 1977,1,1,"1,729974286","1,838093138"
479,Coccothraustes vespertina,Passeriformes,Fringillidae,"54,5","2,71",N,S/N,T,F,O,+/O,O,+,O,West & Hart 1966,1,1,"1,736396502","1,813180533"
480,Pinicola enucleator,Passeriformes,Fringillidae,"78,4","3,91",N,L,T,F,O,+/O,O,+,O,Gavrilov & Dol’nik 1985,1,1,"1,894316063","1,972387999"
481,Himatione sanguinea,Passeriformes,Fringillidae,"13,5","1,08",N,P,TR,F,O,O,I,O,O,Weathers et al. 1983,2,1,"1,130333768","1,413634997"
482,Telespiza cantans,Passeriformes,Fringillidae,"31,6","1,53",N,O,TR,G,O,O,I,O,O,Weathers & van Riper 1982,2,1,"1,499687083","1,564902673"
483,Loxioides bailleui,Passeriformes,Fringillidae,"34,8","1,61",N,S,TR,F,O,O,I,O,O,Weathers & van Riper 1982,2,1,"1,541579244","1,587037118"
484,Vireo ﬂavoviridis,Passeriformes,Vireonidae,"15,9","1,01",N,I,TR,B,O,+,O,O,O,Wiersma et al. 2007,2,1,"1,201397124","1,384532615"
485,Vireo olivaceus,Passeriformes,Vireonidae,"16,2","0,86",N,I,T,B,O,+,O,O,O,Wiersma et al. 2007,1,1,"1,209515015","1,314709693"
486,Vermivora pinus,Passeriformes,Parulidae,"7,8","0,54",N,I,T,F/O,O,+,O,O,O,Yarbrough 1971,1,1,"0,8920946027","1,112605002"
487,Dendroica palmarum,Passeriformes,Parulidae,"9,8","0,56",N,I,T,O,O,+,O,O,O,Yarbrough 1971,1,1,"0,9912260757","1,128399269"
488,Dendroica dominica,Passeriformes,Parulidae,"9,8","0,58",N,I,T,F,O,+,O,O,O,Yarbrough 1971,1,1,"0,9912260757","1,143639235"
489,Dendroica coronata,Passeriformes,Parulidae,"11,5","0,68",N,F/I,T,F,O,+,O,O,O,Yarbrough 1971,1,1,"1,06069784","1,212720154"
490,Dendroica pinus,Passeriformes,Parulidae,12,"0,64",N,I,T,F,O,+/O,O,O,O,Yarbrough 1971,1,1,"1,079181246","1,186391216"
491,Dendroica petechia,Passeriformes,Parulidae,"12,2","0,5",N,I,TR,F,O,+,O,O,O,Wiersma et al. 2007,2,1,"1,086359831","1,079181246"
492,Protonotaria citrea,Passeriformes,Parulidae,"12,8","0,72",N,I,T,F,O,+,O,O,O,Yarbrough 1971,1,1,"1,10720997","1,237543738"
493,Seiurus novaeboracensis,Passeriformes,Parulidae,"18,7","1,01",N,I,T,F,O,+,O,O,O,Yarbrough 1971,1,1,"1,271841607","1,384532615"
494,Seiurus aurocapilla,Passeriformes,Parulidae,19,"0,87",N,I,T,F,O,+,O,O,O,Yarbrough 1971,1,1,"1,278753601","1,319730494"
495,Icterus bullocki,Passeriformes,Icteridae,34,"1,81",N,F/I,T,F,O,+,O,O,O,Rising 1969,1,1,"1,531478917","1,637889817"
496,Icterus galbula,Passeriformes,Icteridae,34,"1,81",N,F/I,T,F,O,+,O,O,O,Rising 1969,1,1,"1,531478917","1,637889817"
497,Sturnella militaris,Passeriformes,Icteridae,"38,2","1,59",N,I,TR,G,O,O,O,O,O,Wiersma et al. 2007,2,1,"1,582063363","1,581608366"
498,Agelaius phoeniceus,Passeriformes,Icteridae,"43,1","1,74",N,I/S,T,W,O,+/O,O,O,O, Weathers 1981,1,1,"1,63447727","1,62076049"
499,Quiscalus quiscula,Passeriformes,Icteridae,"92,2","3,56",N,O,T,B,O,+/O,O,O,O,Wiersma et al. 2007,1,1,"1,964730921","1,93166124"
500,Quiscalus mexicanus,Passeriformes,Icteridae,"137,3","4,06",N,O,TR,B,O,O,O,O,O,Wiersma et al. 2007,2,1,"2,137670537","1,988737275"
501,Coereba ﬂaveola,Passeriformes,Coerebidae,10,"0,77",N,P,TR,F,O,O,I,O,O,Merola-Zwartjes 1998,2,1,1,"1,266701967"
502,Cyanerpes cyaneus,Passeriformes,Thraupidae,"13,5","0,98",N,F/P,TR,B,O,O,O,O,O,Wiersma et al. 2007,2,1,"1,130333768","1,371437317"
503,Euphonia laniirostris,Passeriformes,Thraupidae,"13,5","1,06",N,F,TR,B,O,O,O,O,O,Wiersma et al. 2007,2,1,"1,130333768","1,405517107"
504,Tanagra larvata,Passeriformes,Thraupidae,"16,2","0,85",N,F/I,TR,F,O,O,O,O,O,Wiersma et al. 2007,2,1,"1,209515015","1,309630167"
505,Rhamphocelus dimidiatus,Passeriformes,Thraupidae,"26,4","1,32",N,F/I,TR,B,O,O,O,O,O,Wiersma et al. 2007,2,1,"1,421603927","1,500785173"
506,Thraupis episcopus,Passeriformes,Thraupidae,"30,4","1,44",N,F/I,TR,B,O,O,O,O,O,Wiersma et al. 2007,2,1,"1,482873584","1,538573734"
507,Eucometis penicillata,Passeriformes,Thraupidae,"30,7","1,42",N,F/I,TR,F,O,O,O,O,O,Wiersma et al. 2007,2,1,"1,487138375","1,532499586"
508,Ramphocelus flammigerus,Passeriformes,Thraupidae,32,"1,5",N,F/I,TR,B,O,O,O,O,O,Wiersma et al. 2007,2,1,"1,505149978","1,556302501"
509,Thraupis palmarum,Passeriformes,Thraupidae,"32,6","1,42",N,F/I,TR,B,O,O,O,O,O,Wiersma et al. 2007,2,1,"1,5132176","1,532499586"
510,Habia fuscicauda,Passeriformes,Thraupidae,40,"1,28",N,F/I,TR,F,O,O,O,O,O, Wiersma et al. 2007,2,1,"1,602059991","1,487421211"
511,Sporophila americana,Passeriformes,Emberizidae,"10,2","0,71",N,S,TR,O,O,O,O,O,O,Wiersma et al. 2007,2,1,"1,008600172","1,23146959"
512,Amphispiza bilineata,Passeriformes,Emberizidae,"11,6","0,71",N,I/S,T,D,O,+/O,O,O,O,Weathers 1981,1,1,"1,064457989","1,23146959"
513,Spizella passerina,Passeriformes,Emberizidae,"11,9","0,7",N,I/S,T,F,O,+,O,O,O,Yarbrough 1971,1,1,"1,075546961","1,225309282"
514,Oryzoborus angolensis,Passeriformes,Emberizidae,"12,3","0,72",N,S,TR,B,O,+,O,O,O,Wiersma et al. 2007,2,1,"1,089905111","1,237543738"
515,Ammodramus savannarum,Passeriformes,Emberizidae,"13,8","0,64",N,I/S,T,G,O,+,O,O,O,Yarbrough 1971,1,1,"1,139879086","1,186391216"
516,Melospiza georgiana,Passeriformes,Emberizidae,"14,9","0,76",N,I/S,T,B,O,+,O,O,O,Yarbrough 1971,1,1,"1,173186268","1,261024834"
517,Passerculus sandwichensis,Passeriformes,Emberizidae,"15,9","0,8",N,I/S,T,G,O,+,O,O,O,Williams & Hansell 1981,1,1,"1,201397124","1,283301229"
518,Emberiza schoeniclus,Passeriformes,Emberizidae,"17,6","1,08",N,S,T,O,O,+/O,O,O,O,Kendeigh et al. 1977,1,1,"1,245512668","1,413634997"
519,Melospiza melodia,Passeriformes,Emberizidae,"19,1","0,9",N,I/S,T,B,O,+,O,O,O,Yarbrough 1971,1,1,"1,281033367","1,334453751"
520,Zonotrichia albicollis,Passeriformes,Emberizidae,"20,2",1,N,F/S,T,B,O,+,O,O,O,Yarbrough 1971,1,1,"1,305351369","1,380211242"
521,Pooectes gramineus,Passeriformes,Emberizidae,"21,5","0,98",N,I/S,T,G,O,+,O,O,O,Yarbrough 1971,1,1,"1,33243846","1,371437317"
522,Emberiza hortulana,Passeriformes,Emberizidae,"24,3","1,5",N,I,T,O,O,+,O,O,O,Gavrilov & Dol’nik 1985,1,1,"1,385606274","1,556302501"
523,Zonotrichia leucophrys,Passeriformes,Emberizidae,"26,1","1,21",N,F/S,T,B,O,+,O,O,O,Yarbrough 1971,1,1,"1,416640507","1,462996612"
524,Emberiza citrinella,Passeriformes,Emberizidae,"26,8","1,57",N,S,T,O,O,+/O,O,O,O,Gavrilov & Dol’nik 1985,1,1,"1,428134794","1,576110894"
525,Zonotrichia querula,Passeriformes,Emberizidae,"33,3","1,77",N,I/S,T,B,O,+,O,O,O,Yarbrough 1971,1,1,"1,522444234","1,628184508"
526,Arremonops conirostris,Passeriformes,Emberizidae,"39,7","1,63",N,S,TR,F,O,O,O,O,O,Wiersma et al. 2007,2,1,"1,598790507","1,592398846"
527,Cyanocompsa cyanoides,Passeriformes,Cardinalidae,"27,9","1,35",N,F/S,TR,F,O,O,O,O,O,Wiersma et al. 2007,2,1,"1,445604203","1,51054501"
528,Cardinalis sinuatus,Passeriformes,Cardinalidae,32,"1,41",N,I/S,T,B,O,O,O,O,O,Hinds & Calder 1973,1,1,"1,505149978","1,529430354"
529,Saltator orenocensis,Passeriformes,Cardinalidae,"32,7","1,13",N,F/L,TR,B,O,O,O,O,O,Bosque et al. 1999,2,1,"1,514547753","1,433289685"
530,Cardinalis cardinalis,Passeriformes,Cardinalidae,41,"1,81",N,I/S,T,B,O,O,O,O,O, Hinds & Calder 1973,1,1,"1,612783857","1,637889817"
531,Saltator striatipectus,Passeriformes,Cardinalidae,"42,1","1,83",N,F/I,TR,B,O,O,O,O,O, Wiersma et al. 2007,2,1,"1,624282096","1,642662331"
532,Saltator maximus,Passeriformes,Cardinalidae,"44,8","1,97",N,F/I,TR,F,O,O,O,O,O, Wiersma et al. 2007,2,1,"1,651278014","1,674677468"
533,Saltator coerulescens,Passeriformes,Cardinalidae,47,"1,4",N,F/L,TR,B,O,O,O,O,O, Bosque et al. 1999,2,1,"1,672097858","1,526339277"